index,entry,diagram,layer,qubit,theta,phi,lambda,cos_phi,sin_phi,cos_lambda,sin_lambda,cos_theta,sin_theta
0,0,"(3, 2, 1)",1,0,3.3221778677768814,5.321939056735595,5.099254534929646e-08,0.5724986231026127,-0.819905681493678,0.9999999999999987,5.099254534929644e-08,-0.9837387536765778,-0.17960530202322364
1,0,"(3, 2, 1)",1,1,6.9628307468378985,3.3396029026283056,6.030729986754695,-0.9804599399778585,-0.19671885038962122,0.9683020457361743,-0.2497822015739709,0.7777956149401907,0.6285172880516577
2,0,"(3, 2, 1)",3,0,0.9036859688205535,4.846731428435099,0.9612463008255633,0.13393871285540368,-0.9909896170993103,0.5724985817944748,0.8199057103370577,0.6187184335379668,0.78561281812374
3,0,"(3, 2, 1)",3,1,1.3918552844140386,6.439428421483983,6.277012628059648,0.9878188553105258,0.15560819095729617,0.9999809490767311,-0.006172639921476719,0.1779876244649332,0.984032725846722
4,0,"(3, 2, 1)",5,0,3.9431226478212293,-3.691853575459997e-09,4.5780465298182165,1.0,-3.691853575459997e-09,-0.13393871534879714,-0.9909896167623119,-0.6956083436403498,-0.7184212081070052
5,0,"(3, 2, 1)",5,1,2.6902300618029757,3.0912634106904906,3.0962964373347783,-0.9987337509759617,0.050307997987255985,-0.9989743017872689,0.04528072844642205,-0.8998535861614506,0.43619207176698743
6,1,"(4, 2, 1)",1,0,2.8150186611462806,6.386634278189288,3.1415926648456365,0.9946539254199357,0.10326455658507905,-0.9999999999999999,-1.1255843246009281e-08,-0.9471469631268012,0.3207999847875273
7,1,"(4, 2, 1)",1,1,8.758163690149177,0.03922882642753075,3.1914913655978547,0.9992306482591536,0.03921876565614342,-0.9987553175614339,-0.04987800760615326,-0.7859196598311003,0.6183286248355057
8,1,"(4, 2, 1)",3,0,-0.9227492861874119,3.6347051098883574,3.038143693356301,-0.8808637847199808,-0.47336982663536054,-0.9946539265327362,0.10326454586647968,0.6036305332873738,-0.7972641841216753
9,1,"(4, 2, 1)",3,1,-1.3043799695270573,0.06063632300003575,3.0253540478649414,0.9981621813721155,0.06059917225886742,-0.993251896440107,0.11597702452697663,0.26327592076641887,-0.9647205758895134
10,1,"(4, 2, 1)",5,0,4.007464665920664,6.2831853036383265,2.648480194927247,1.0,-3.541259974829408e-09,-0.880863783600943,0.4733698287177068,-0.6479761847010967,-0.7616605963683628
11,1,"(4, 2, 1)",5,1,0.6312312736673451,-0.17665989589197623,3.284727277624578,0.9844361810695549,-0.17574244052359853,-0.9897737168661427,-0.14264637885688072,0.80730149756988,0.590139214102426
12,2,"(3, 2, 1, 1)",1,0,4.712388980889839,0.20940826304657587,10.995574287425056,0.9781540969129559,0.20788112634965128,-1.3922061955753492e-10,-1.0,5.05149516150587e-10,-1.0
13,2,"(3, 2, 1, 1)",1,1,3.141592653133341,3.5349579437493728,1.964161617261186,-0.9236243805652408,-0.383298843757029,-0.38329884404031367,0.9236243804476792,-1.0,4.5645233182775844e-10
14,2,"(3, 2, 1, 1)",3,0,1.256591219010167,1.4809860765548162,1.6471049169405123,0.08968956578912755,0.9959697695153994,-0.07623455420590639,0.9970899120666233,0.3090605927879609,0.9510423492072023
15,2,"(3, 2, 1, 1)",3,1,4.0085852209418995,5.626081724283526,6.076361310362602,0.7917647574393901,-0.6108261363734723,0.9786880502236197,-0.20535262440370594,-0.647122295460453,-0.7623862109967586
16,2,"(3, 2, 1, 1)",5,0,4.712388980724065,7.853981634330691,2.435938968560272,-3.562080899511339e-10,1.0,-0.7611877790593691,0.6485315451160916,3.393754550056571e-10,-1.0
17,2,"(3, 2, 1, 1)",5,1,3.141592651913607,0.29347204069511523,5.005861020622506,0.9572452639039994,0.28927755656698023,0.28927755612923267,-0.9572452640362858,-1.0,1.6761864233343108e-09
18,3,"(5, 2, 1)",1,0,3.5398736796021364,2.8604616999362276,1.0585854994839865e-09,-0.9607422783250942,0.2774423807544681,1.0,1.0585854994839865e-09,-0.9217290328658273,-0.38783448785819286
19,3,"(5, 2, 1)",1,1,2.487372119265963,3.1339670724182516,3.131982977332529,-0.999970925396788,0.0076255072678161505,-0.9999538274164376,0.009609528355615685,-0.7935225058603155,0.6085409047000584
20,3,"(5, 2, 1)",3,0,4.068604270183826,1.7668934630702144,3.4227236085358044,-0.19484276111341395,0.9808344908503682,-0.960742277966515,-0.2774423819961751,-0.6002268569940948,-0.7998298069858303
21,3,"(5, 2, 1)",3,1,4.39212738877484,3.149483138995541,3.1490253039235823,-0.9999688702815421,-0.007890403529381336,-0.9999723779816714,-0.00743258189872842,-0.31481486187150665,-0.9491530976322125
22,3,"(5, 2, 1)",5,0,5.374123292136215,3.141592653179983,1.3746991908413515,-1.0,4.098100862064162e-10,0.19484276079780816,0.9808344909130633,0.6144860220196748,-0.788927708185253
23,3,"(5, 2, 1)",5,1,0.7030632896251082,6.291248970081347,-0.0061515435035861925,0.9999674888464675,0.008063575515243778,0.9999810793159274,-0.006151504706400191,0.7628651764746339,0.6465575941262509
24,4,"(4, 3, 1)",1,0,4.7123889813013085,2.691893098626652,1.5707963266392861,-0.9005777449462111,0.4346949796208799,1.5561047467603638e-10,1.0,9.166185971803231e-10,-1.0
25,4,"(4, 3, 1)",1,1,0.9933433408925489,1.5707963251058161,6.283185305353406,1.6890804923099674e-09,1.0,1.0,-1.8261803409611085e-09,0.5458916793422609,0.8378557599162795
26,4,"(4, 3, 1)",3,0,1.5087209900142893,2.1769216110852154,-1.3547286344758722,-0.5696872646511468,0.821861557985464,0.21439041669006953,-0.9767480479793438,0.062035478154197736,0.9980739448809292
27,4,"(4, 3, 1)",3,1,5.448549058982599,3.1819367681463664,2.4306037564996106,-0.9991862865891944,-0.04033317111381466,-0.7577169087684948,0.6525833940319937,0.6714472861930411,-0.7410523205982156
28,4,"(4, 3, 1)",5,0,4.7123889821839615,4.712388977965154,6.5813366761893946,-2.4195358666152147e-09,-1.0,0.955881164226259,0.2937536380667508,1.7992716589314939e-09,-1.0
29,4,"(4, 3, 1)",5,1,1.9123151361140216,3.141592652285453,4.7123889800748575,-1.0,1.3043403138750268e-09,-3.0983234362521156e-10,-1.0,-0.3349185715210729,0.9422470750553084
30,5,"(4, 2, 1, 1)",1,0,5.841815026251283,5.177951677842046,3.14159265223547,0.4489256815496882,-0.8935690977451872,-1.0,1.354323442622071e-09,0.9041671572647098,-0.4271788287402053
31,5,"(4, 2, 1, 1)",1,1,-0.6949707569978236,3.3097629886948923,9.207236997577656,-0.9858926640341693,-0.1673787770406048,-0.9764311329084655,0.2158291979484947,0.768072428256466,-0.6403629790612633
32,5,"(4, 2, 1, 1)",3,0,4.052757254155728,4.209242422241956,1.105233630614249,-0.4821845252506352,-0.8760696796538615,0.44892568040886116,0.8935690983183343,-0.6128258769846646,-0.7902179727758517
33,5,"(4, 2, 1, 1)",3,1,5.083507826704673,9.211376739861699,3.3672871822610912,-0.9773162408475476,0.21178518686541367,-0.9746389182104074,-0.22378333072337375,0.36265833642881296,-0.9319221700435535
34,5,"(4, 2, 1, 1)",5,0,2.264439491766264,3.1415926543128143,5.215535539036066,-1.0,-7.230210760029972e-10,0.48218452569624076,-0.8760696794086024,-0.6393427282093213,0.7689218919278225
35,5,"(4, 2, 1, 1)",5,1,0.4868528821074031,0.3409154612416079,5.9793471650812196,0.9424489760167212,0.3343500076342659,0.9541952066821515,-0.29918473815488356,0.8838096018550193,0.46784675660826397
36,6,"(3, 2, 2, 1)",1,0,6.219381047248768,-0.8769355970678303,3.141592652758934,0.6395100033801109,-0.7687827752862122,-1.0,8.308590596710378e-10,0.9979651986514478,-0.06376097772600667
37,6,"(3, 2, 2, 1)",1,1,3.7838103364327336,6.205777669611284,6.186626407771249,0.9970055244981684,-0.0773303570412825,0.9953418104265818,-0.09640892291035355,-0.8007693964860253,-0.598972765367013
38,6,"(3, 2, 2, 1)",3,0,7.012804482812616,1.9593611967634057,-2.264657055708407,-0.3788606592929799,0.925453727011831,-0.639510002754663,-0.7687827758064893,0.7454283085100568,0.6665858060833845
39,6,"(3, 2, 2, 1)",3,1,1.7989999265419074,-0.07529556555370587,3.0582479244450984,0.9971666279154039,-0.0752244386607337,-0.9965288380836572,0.0832482724603706,-0.2262280620698348,0.974074362629531
40,6,"(3, 2, 2, 1)",5,0,5.601903651512563,3.141592653620194,4.323824110410475,-1.0,-3.040089257402582e-11,-0.3788606592982606,-0.9254537270096692,0.7767661841925194,-0.6297890877865326
41,6,"(3, 2, 2, 1)",5,1,2.7366324867647243,3.314776686057971,3.301015452789302,-0.9850410897713976,-0.17231962007263543,-0.9873190775142179,-0.1587483517283686,-0.919118091454817,0.3939821492916331
42,7,"(3, 2, 1, 1, 1)",1,0,7.853981633503668,6.126397221923596,1.5707963205000612,0.9877339066830156,-0.15614650040493286,6.294835380896911e-09,1.0,4.708148046605392e-10,1.0
43,7,"(3, 2, 1, 1, 1)",1,1,4.695746397324626,4.712388996702045,6.283185297387259,1.6317355283113547e-08,-0.9999999999999999,1.0,-9.792327194238786e-09,-0.016641814805878948,-0.9998615154109927
44,7,"(3, 2, 1, 1, 1)",3,0,4.335414437831484,1.1349840847806962,8.356233343728238,0.42214686022540154,0.9065274559558775,-0.481400382758295,0.8765008108839187,-0.3681091407729088,-0.9297825877480341
45,7,"(3, 2, 1, 1, 1)",3,1,7.596888447378795,4.173113959265187,7.254344689799308,-0.5135140359144889,-0.8580811936634045,0.5643427932865599,0.8255405572505345,0.2542703543973409,0.9671331794921787
46,7,"(3, 2, 1, 1, 1)",5,0,-1.5707963126474376,4.712388971482423,4.3708532444033255,-8.902266663234977e-09,-1.0,-0.33493452057107864,-0.9422414058667883,1.4147459043326802e-08,-0.9999999999999999
47,7,"(3, 2, 1, 1, 1)",5,1,0.5829182548558582,-3.1415926716206473,7.85398165373087,-0.9999999999999999,1.803085402062712e-08,-1.975638733079827e-08,0.9999999999999998,0.8348598169266238,0.5504626109748456
48,8,"(6, 2, 1)",1,0,3.583248894607471,3.0257091535984006,1.6754255645335097e-09,-0.9932930179210284,0.11562430777883823,1.0,1.6754255645335097e-09,-0.9040449642020207,-0.42743736699189855
49,8,"(6, 2, 1)",1,1,2.034684587939817,5.44412533107049,1.9528648029309212,0.6681625131611437,-0.7440153600606538,-0.37284059517156004,0.9278954092957443,-0.4474288283693067,0.8943195421906364
50,8,"(6, 2, 1)",3,0,5.35574835996048,1.5969932524105181,3.2574761551176072,-0.026193929318837867,0.9996568801678103,-0.9932930177433807,-0.11562430930495489,0.5998866106002331,-0.8000850294953432
51,8,"(6, 2, 1)",3,1,1.563796120558107,4.16113635340698,3.5629043628901376,-0.5237547137993751,-0.8518691212697727,-0.9125532917653365,-0.40895780917870805,0.0070001490652100646,0.9999754986563745
52,8,"(6, 2, 1)",5,0,4.081970167099155,6.283185306482067,4.686192054352379,1.0,-6.975196205213971e-10,-0.026193929735384487,-0.9996568801568955,-0.5894831189185948,-0.8077806958017787
53,8,"(6, 2, 1)",5,1,2.36387282318655,3.4816108530208134,3.388506869702052,-0.9427485960968878,-0.333504249684089,-0.9696712426317834,-0.24441293176289378,-0.7125152848918265,0.701656588934729
54,9,"(5, 3, 1)",1,0,7.8539816371434945,14.634610488224885,-20.42035224921497,-0.4771804759066253,0.8788053216802494,-8.813155572091026e-10,-1.0,-3.16901141354415e-09,1.0
55,9,"(5, 3, 1)",1,1,3.344722703180606e-09,0.41810569538750286,4.294283290705552,0.9138597240982688,0.40603005390123037,-0.40603004868458537,-0.9138597264160366,1.0,3.344722703180606e-09
56,9,"(5, 3, 1)",3,0,4.571486313765553,2.525367712129592,11.681252767677337,-0.816066093886121,0.5779585888361283,0.6331982937778585,-0.7739896128222967,-0.1404368925980177,-0.9900896319007754
57,9,"(5, 3, 1)",3,1,4.8936609893545,5.584167791437541,-4.251220377956418,0.7654747517774568,-0.6434659310260652,-0.44499493271689977,0.8955330869690309,0.1802808862549483,-0.9836151696934784
58,9,"(5, 3, 1)",5,0,7.853981629985465,4.7123889862737425,4.383340795553239,5.8890526172699455e-09,-1.0,-0.3231424242944479,-0.9463503440170068,3.989018310963592e-09,1.0
59,9,"(5, 3, 1)",5,1,1.5451308752663586,9.424777963749191,1.5707963250515096,-1.0,-2.9798115853472895e-09,1.743387051559507e-09,1.0,0.025662633916635598,0.9996706603779371
60,10,"(5, 2, 1, 1)",1,0,-2.6207682098931575,2.8099687754511224,18.849555904091634,-0.9455148900226594,0.32557885795216845,0.9999999999999999,-1.7447125368706144e-08,-0.8674092350948818,-0.4975954369486441
61,10,"(5, 2, 1, 1)",1,1,5.377394082845526,-0.6609233291498394,-2.2415999922652707,0.7894257861674497,-0.6138460133729826,-0.6216157168359082,-0.7833223478125593,0.6170631479321312,-0.7869136365981267
62,10,"(5, 2, 1, 1)",3,0,2.2278152389287555,8.366196636644078,0.33162386255672843,-0.49010917916038077,0.8716610536801204,0.9455148950958103,0.3255788432192099,-0.610759094858507,0.7918164737157325
63,10,"(5, 2, 1, 1)",3,1,1.4561072318791173,3.916750939336454,3.9204642806917964,-0.7143102700252699,-0.6998291492474615,-0.7117066467036872,-0.7024767960849618,0.11443783136373742,0.9934304116307114
64,10,"(5, 2, 1, 1)",5,0,5.351394025895799,-3.1415926433988313,4.200173971253431,-1.0,-1.0190961974639176e-08,-0.49010918479276133,-0.8716610505131998,0.5963970971270928,-0.8026895430603148
65,10,"(5, 2, 1, 1)",5,1,2.308009728802991,2.14885781032091,5.48282093478951,-0.5464014114862042,0.8375234310309675,0.69644527834966,-0.7176099039620794,-0.6722274813241009,0.7403446584886364
66,11,"(4, 3, 2)",1,0,6.244160399024296,2.028565308793413,3.1415926699326313,-0.4419478945093056,0.8970407228987944,-0.9999999999999999,-1.6342838071385502e-08,0.9992386249066953,-0.03901500345478251
67,11,"(4, 3, 2)",1,1,2.39030678644855,0.33462148953465065,3.5856673509908075,0.9445346845482399,0.32841167714525155,-0.9030085827339082,-0.4296225081497694,-0.7308117673246787,0.6825790509089622
68,11,"(4, 3, 2)",3,0,-0.9984851784438495,2.7725856715177235,1.1130273283714616,-0.9326859764771928,0.36068943605654075,0.44194790924312644,0.8970407156398361,0.5415763638558011,-0.8406515580861841
69,11,"(4, 3, 2)",3,1,1.4452827725493214,3.4452569444805237,7.109969467667816,-0.9542472058900106,-0.29901884564540054,0.6772453351886365,0.7357572670148976,0.1251842642465556,0.9921335091534045
70,11,"(4, 3, 2)",5,0,0.8532861199975303,6.283185306702204,0.369006982426689,1.0,-4.773828228418817e-10,0.9326859763492854,0.3606894363872892,0.6575107893264251,0.7534451286718505
71,11,"(4, 3, 2)",5,1,4.118517152926483,5.193789898463557,2.321843424229603,0.46302132922097444,-0.8863471378001071,-0.6824045357421548,0.730974725690659,-0.5595741035997709,-0.8287803222691239
72,12,"(4, 3, 1, 1)",1,0,7.853981632973849,-0.01702772522543079,7.853981633752641,0.9998550317895893,-0.017026902391193838,2.2184240640703946e-10,1.0,1.0006336601153169e-09,1.0
73,12,"(4, 3, 1, 1)",1,1,3.141592652977935,2.9428493064121857,1.3720529805383799,-0.9803154623019369,0.19743757082110736,0.1974375699181478,0.9803154624837949,-1.0,6.118582421903189e-10
74,12,"(4, 3, 1, 1)",3,0,4.9037559113675036,3.9053730020668964,1.944481826475495,-0.722226474486118,-0.69165664859911,-0.36504906042895113,0.9309882832130273,0.19020105013128744,-0.9817451606852745
75,12,"(4, 3, 1, 1)",3,1,2.309612978184301,6.397437290015717,3.972584237648953,0.9934803388817085,0.11400358001170689,-0.6741437074247916,-0.7386002042644972,-0.6734135739818277,0.7392659591628858
76,12,"(4, 3, 1, 1)",5,0,1.5707963266597282,4.712388980419529,3.0441939833720753,3.483950299413724e-11,-1.0,-0.9952604980719008,0.09724474781535465,1.3516838221282323e-10,1.0
77,12,"(4, 3, 1, 1)",5,1,3.858879926351076,-3.1415926529180656,4.712388980833984,-1.0,-6.717276849270452e-10,4.492937516924855e-10,-1.0,-0.7535916914817146,-0.6573428044253077
78,13,"(4, 2, 2, 1)",1,0,6.079309208825454,4.985079648190371,3.141592649290647,0.2693236553564496,-0.9630497228416819,-1.0,4.299146050608524e-09,0.9792891555846209,-0.20246666331611243
79,13,"(4, 2, 2, 1)",1,1,2.4439925944252567,2.847827823504115,9.048820744168273,-0.9571605254754937,0.28955781542116393,-0.9301565935253753,0.3671630584920954,-0.7663860674990108,0.6423802577472331
80,13,"(4, 2, 2, 1)",3,0,0.7459460250981321,2.312438545256495,4.439698317030367,-0.6754997285464193,0.7373602353895373,-0.2693236510695696,-0.9630497240405381,0.734446195190101,0.6786669185769879
81,13,"(4, 2, 2, 1)",3,1,7.807060672355019,5.865231886219907,2.0394219079973293,0.9139215414971049,-0.40589089172775916,-0.451660469793106,0.8921899013249762,0.046903746832391575,0.998899413621353
82,13,"(4, 2, 2, 1)",5,0,0.7371307655873032,1.0446074934653255e-09,0.8291541074670882,1.0,1.0446074934653255e-09,0.6754997291851282,0.7373602348044125,0.7404002064337626,0.672166299596195
83,13,"(4, 2, 2, 1)",5,1,1.9804816199047377,4.4155355266188625,4.057495993350794,-0.29251273825429636,-0.9562616263130993,-0.6090743734305506,-0.7931131114980903,-0.39832068400791976,0.9172462225005142
84,14,"(4, 2, 1, 1, 1)",1,0,6.789462813349283,7.121366797602028,-2.6138123160682324e-09,0.6688158620986557,0.7434281018398698,1.0,-2.6138123160682324e-09,0.8745556934524518,0.4849250860183469
85,14,"(4, 2, 1, 1, 1)",1,1,3.829075760332893,6.130794739007469,6.087019090789985,0.9884110109119778,-0.1518014278851227,0.9808210287498723,-0.1949105168071804,-0.7728456666226278,-0.6345940242254304
86,14,"(4, 2, 1, 1, 1)",3,0,4.0430058022175,2.7435696721407403,5.445003819549923,-0.921829080758181,0.38759662778270787,0.6688158641748854,-0.7434280999720156,-0.6205023906176637,-0.7842045544612479
87,14,"(4, 2, 1, 1, 1)",3,1,2.0477919947393044,0.056578734740962394,3.5060609072929947,0.9983998503162469,0.05654855337226403,-0.9343134355575414,-0.35645252718512727,-0.45911226826020657,0.8883782556619495
88,14,"(4, 2, 1, 1, 1)",5,0,2.2588859919622886,-3.141592652615192,3.5396156359275572,-1.0,-9.746014110260962e-10,-0.9218290804137196,-0.3875966286019476,-0.6350626835087224,0.7724606061248045
89,14,"(4, 2, 1, 1, 1)",5,1,6.809024445958836,5.451342327920491,3.900945426835718,0.6735146224976448,-0.7391738992157765,-0.7252817472827136,-0.6884521675893933,0.8649030497428227,0.5019389549990759
90,15,"(3, 3, 2, 1)",1,0,-6.143524016662394,4.646024647732112,-1.7949052259623143e-09,-0.06631562947386122,-0.9977986957735941,1.0,-1.7949052259623143e-09,0.9902632039870982,0.13920771109822422
91,15,"(3, 3, 2, 1)",1,1,-4.804384273966251,-0.7807626472733614,1.4783394315745488,0.7103769771881888,-0.7038213908947152,0.09232522697733149,0.9957289051059953,0.09186558706312203,0.9957714164975554
92,15,"(3, 3, 2, 1)",3,0,5.410289056814577,-3.075011135597511,7.920345968393411,-0.9977842694583738,-0.06653233515681929,-0.06631563123632307,0.9977986956564575,0.6426101578855187,-0.7661933078423152
93,15,"(3, 3, 2, 1)",3,1,-2.7348257366447486,8.188431851866612,6.553141538401461,-0.32824990032239143,0.9445909183018542,0.9637825699518074,0.26668925335882854,-0.9184047643872684,-0.39564212206331895
94,15,"(3, 3, 2, 1)",5,0,-0.7229414226221504,-3.1415926532464886,-3.2081741719168644,-1.0,-3.433046184069004e-10,-0.9977842694360995,0.06653233549086633,0.7498629506499974,-0.661593194676668
95,15,"(3, 3, 2, 1)",5,1,7.494654810928467,7.695001640227243,11.423367374794765,0.15831114590857956,0.9873892753524885,0.4148637807608692,-0.9098835328836309,0.3516441293301045,0.9361337544964783
96,16,"(3, 2, 2, 1, 1)",1,0,6.43521545420132,1.1069916249063936,6.283185305643195,0.4473540981314411,0.8943569258886549,1.0,-1.5363917034302895e-09,0.988465659157084,0.15144517379946926
97,16,"(3, 2, 2, 1, 1)",1,1,5.610180435095117,6.245289327047731,3.1900412220702106,0.9992820332740787,-0.03788691034675506,-0.9988265976567751,-0.04842961710968657,0.7819521465709561,-0.6233384638164678
98,16,"(3, 2, 2, 1, 1)",3,0,2.42330326265516,2.8493110221269062,2.0346010302159145,-0.9575889442530083,0.2881378382726032,-0.4473540995020564,0.8943569252030781,-0.7529325780277911,0.6580976621630139
99,16,"(3, 2, 2, 1, 1)",3,1,4.328826128803486,6.2520974383198515,3.1333366904900246,0.9995168111218099,-0.03108286159426469,-0.9999659197302269,0.00825586931107231,-0.374226802464918,-0.9273372096044045
100,16,"(3, 2, 2, 1, 1)",5,0,10.107584260855372,2.637582359731656e-10,3.433874285269397,1.0,2.637582359731656e-10,-0.9575889441905641,-0.28813783848012864,-0.7758050773346111,-0.6309726475702716
101,16,"(3, 2, 2, 1, 1)",5,1,3.393442932917685,6.29781160541501,0.014164944897812835,0.9998930376068442,0.014625776743750648,0.9998996788454548,0.014164471213436005,-0.9684529969887558,-0.24919629335826207
102,17,"(3, 2, 1, 1, 1, 1)",1,0,4.712388983022061,5.126713583013856,1.57079632797284,0.4025717713158674,-0.9153884251723992,-1.1779434592704822e-09,1.0,2.637371026615247e-09,-1.0
103,17,"(3, 2, 1, 1, 1, 1)",1,1,-5.275125139989603,-1.5707963290735225,6.283185305352059,-2.2786258933558247e-09,-1.0,1.0,-1.8275277076237935e-09,0.5335024318581807,0.8457985310943779
104,17,"(3, 2, 1, 1, 1, 1)",3,0,5.12520318280966,5.991089991175851,2.341063520127675,0.9576426121657264,-0.287959419648679,-0.696327034720185,0.7177246412920448,0.40118870978208815,-0.9159954252851831
105,17,"(3, 2, 1, 1, 1, 1)",3,1,-5.470494267172341,3.210634992316205,2.6666271230712226,-0.9976175243647858,-0.06898749944936462,-0.8893084853139727,0.45730779344831607,0.6875468529736031,0.7261400174663938
106,17,"(3, 2, 1, 1, 1, 1)",5,0,7.853981631738813,1.5707963243520695,5.796612028669763,2.442827112984146e-09,1.0,0.8839403789422694,-0.4675996219795277,2.235669733525673e-09,1.0
107,17,"(3, 2, 1, 1, 1, 1)",5,1,2.426698473525262,-3.141592657131706,7.853981633302612,-1.0,3.5419128626630577e-09,6.718708653496368e-10,1.0,-0.7551626143764368,0.6555375091084757
108,18,"(7, 2, 1)",1,0,5.812202181856864,-12.913359789690839,3.141592698912103,0.9404008587307605,-0.34006797099763497,-0.999999999999999,-4.5322309782595667e-08,0.8911226134254616,-0.4537625897336352
109,18,"(7, 2, 1)",1,1,6.931047544128272,2.9062479229685345,0.29211880610986485,-0.9724340154407682,0.23317822714341008,0.9576358477041921,0.28798191469582507,0.7973757236379154,0.6034831856422437
110,18,"(7, 2, 1)",3,0,7.209884981677293,19.298097393879832,-15.360974137343192,0.9010805536282175,0.43365174492104264,-0.9404008739406026,-0.3400679289373681,0.6004763283733452,0.7996425320499569
111,18,"(7, 2, 1)",3,1,5.070900410931259,3.3501644836168705,-0.12765545591788008,-0.9783276333627299,-0.20706289334132272,0.9918631011476903,-0.1273090278876036,0.3508806960748747,-0.9364201712490027
112,18,"(7, 2, 1)",5,0,7.247539249715678,6.283185290957445,18.401014461369403,0.9999999999999999,-1.6222141208791236e-08,0.9010805589065035,-0.43365173395334566,0.5699478482792087,0.8216808688547519
113,18,"(7, 2, 1)",5,1,2.36273966321711,3.0611883844833727,-0.057286177224073226,-0.9967693178061787,0.08031766356291208,0.9983595956335641,-0.057254849632029856,-0.7117197384499909,0.7024635320788379
114,19,"(6, 3, 1)",1,0,5.82219811979751,4.754938208612786,3.141592652665382,0.04253639060864166,-0.9990949181504173,-1.0,9.244113367072619e-10,0.8956138010082312,-0.44483246221874184
115,19,"(6, 3, 1)",1,1,1.5317296871341746,1.0797076613754597,4.733272975010414,0.471586174361933,0.8818199817143386,0.020882476596972496,-0.99978193730992,0.03905670315290067,0.9992369958817708
116,19,"(6, 3, 1)",3,0,5.24598309126461,7.687621222922298,4.669839753000194,0.16559411301687996,0.9861939919377692,-0.04253638976580481,-0.999094918186301,0.5086310936643698,-0.8609845588381868
117,19,"(6, 3, 1)",3,1,3.016808873663349,4.3549448545365115,2.969339202566943,-0.34988105076520465,-0.9367941344369297,-0.9852010206755484,0.17140288463108663,-0.992224601215966,0.12446019741996747
118,19,"(6, 3, 1)",5,0,5.3074181502780595,3.1415926539767347,1.7371567376258619,-1.0,-3.869414674158274e-10,-0.16559411279871472,0.9861939919744018,0.5605329112636827,-0.8281321485066623
119,19,"(6, 3, 1)",5,1,4.812398376824441,1.6459319082016008,0.9247666661674215,-0.07506490684634666,0.9971786498718017,0.6020209212405305,0.7984803130877448,0.09984276613911182,-0.9950032271554151
120,20,"(6, 2, 1, 1)",1,0,7.853981633304268,5.044999838984359,4.712388980808957,0.32651190394456975,-0.9451930895761416,4.2426754836059505e-10,-1.0,6.702153007753158e-10,1.0
121,20,"(6, 2, 1, 1)",1,1,6.2831853076554225,6.165861892290264,1.688119740986205,0.9931254990909252,-0.11705444483402098,-0.11705444414080575,0.9931254991726307,1.0,4.75836014354464e-10
122,20,"(6, 2, 1, 1)",3,0,2.047191415303752,1.5115590818232094,2.238686143202205,0.05920260662878687,0.9982459874040852,-0.6193305980592246,0.7851303142202594,-0.45857864378104,0.8886538288152153
123,20,"(6, 2, 1, 1)",3,1,1.7862181137784485,2.2675302552816654,2.4158535501366023,-0.6417162263950015,0.76694216521284,-0.7480090918723378,0.6636884799936793,-0.21375948523717003,0.9768863201371694
124,20,"(6, 2, 1, 1)",5,0,1.570796327252988,4.712388979685081,2.2293343995198294,-6.996085549321918e-10,-1.0,-0.6119612860083377,0.7908877192288559,-4.5809128140429515e-10,1.0
125,20,"(6, 2, 1, 1)",5,1,2.1610452463379426,3.1415926531342264,1.5707963272481482,-1.0,4.555668179433174e-10,-4.5325159719534917e-10,1.0,-0.5565678430484622,0.8308021642270694
126,21,"(5, 4, 1)",1,0,6.029915197250149,10.618767628217327,-15.707963263514474,-0.36795304070415347,-0.9298443739876946,-1.0,-4.434492497131667e-09,0.9680982044233273,-0.2505710809178298
127,21,"(5, 4, 1)",1,1,4.8311323442320795,5.120844361361848,4.661162862481533,0.39719225076803083,-0.9177354280672757,-0.05120371697043265,-0.9986882293130384,0.11846451387201498,-0.99295828661282
128,21,"(5, 4, 1)",3,0,5.216076418118859,4.314011440245393,8.230788288987249,-0.38792344592461525,-0.921691597065945,-0.3679530366740373,0.9298443755824706,0.4826583029062145,-0.875808747750154
129,21,"(5, 4, 1)",3,1,3.423048662906948,2.053411833057287,3.596024368852397,-0.46409753418620275,0.8857841039227823,-0.8985106228451237,-0.4389517748391819,-0.9606520433529153,-0.27775466081034256
130,21,"(5, 4, 1)",5,0,0.9714543775947808,-1.3155221509652593e-09,5.110766521004852,1.0,-1.3155221509652593e-09,0.3879234463678242,-0.9216915968794062,0.5640992384188663,0.8257069996162409
131,21,"(5, 4, 1)",5,1,1.3346150052194958,1.4813676723065683,-1.2048478294306884,0.08930950143534341,0.996003922157624,0.3578351477051569,-0.9337847755595657,0.23399167495043188,0.9722386003723014
132,22,"(5, 3, 2)",1,0,7.853981633862342,4.273851778761015,4.712388980422578,-0.42461554056595313,-0.9053737585714993,3.788773133054807e-11,-1.0,1.121408252546179e-10,1.0
133,22,"(5, 3, 2)",1,1,3.141592653255588,-0.9788990796262057,-2.549695406506215,0.5579365204943012,-0.8298836298534344,-0.829883629900922,-0.5579365204236675,-1.0,3.342052304970726e-10
134,22,"(5, 3, 2)",3,0,4.485602965867073,0.19012234324240032,0.24899302862398173,0.9819811221585051,0.18897903514496836,0.9691610591394585,0.2464281669121511,-0.22484700179549183,-0.9743940813570134
135,22,"(5, 3, 2)",3,1,1.6001359508500972,-0.8672022028746643,3.9310722549261827,0.6469624580103316,-0.7625218540640195,-0.7042148872233572,-0.7099868960854097,-0.02933541491209628,0.9995696241042618
136,22,"(5, 3, 2)",5,0,1.5707963268981002,17.27875959464353,0.46414626372676016,-1.0033108420190508e-10,-1.0,0.8942040746336698,0.4476595502259974,-1.032036066015555e-10,1.0
137,22,"(5, 3, 2)",5,1,1.770394864333568,9.424777960768838,7.853981634119125,-1.0,5.421562300568206e-13,-1.446422140217247e-10,1.0,-0.19827585485504717,0.9801462571379336
138,23,"(5, 3, 1, 1)",1,0,2.624559295826468,3.717679663571525,3.1415926513507593,-0.8386006529003237,-0.5447466796182889,-1.0,2.239033969682477e-09,-0.8692894242981264,0.4943034460768323
139,23,"(5, 3, 1, 1)",1,1,2.181131384873382,5.367099066474761,1.9852865261906696,0.608929302107099,-0.7932244985093195,-0.4027233511588524,0.9153217480380239,-0.5731420576290647,0.819456027970215
140,23,"(5, 3, 1, 1)",3,0,5.254189688959974,3.215124834295041,5.707098295203804,-0.9972977271245879,-0.07346593409282362,0.8386006518140711,-0.5447466812905015,0.5156796406401051,-0.8567814821932673
141,23,"(5, 3, 1, 1)",3,1,-1.6017140016612625,0.8782302399124132,0.322010002929494,0.6385141685977709,0.7696100678264919,0.9486012212918782,0.31647388986069147,-0.03091274938738864,-0.9995220867621247
142,23,"(5, 3, 1, 1)",5,0,4.102449533369781,6.283185306337202,3.0680604726027667,1.0,-8.423841853097466e-10,-0.9972977271038868,0.07346593437384102,-0.5728178269160505,-0.8196827051775422
143,23,"(5, 3, 1, 1)",5,1,3.578692625244249,0.45496586512229825,0.41718626542788984,0.8982760286475722,0.43943165151948954,0.9142326539754372,0.40518965239135685,-0.9059830934582676,-0.4233138721655459
144,24,"(5, 2, 2, 1)",1,0,0.2787994109012843,8.921052263254456,1.148417767155049e-08,-0.8757902807083007,0.4826918108036181,0.9999999999999999,1.148417767155049e-08,0.9613865351707108,0.27520161698735623
145,24,"(5, 2, 2, 1)",1,1,0.721673915195619,2.774734852965949,0.47308933024171695,-0.9334590088964491,0.3586840931935219,0.89016492058011,0.4556384687102336,0.750700922357571,0.6606422066228376
146,24,"(5, 2, 2, 1)",3,0,5.530733521175433,-4.482962104860537,6.786910986534499,-0.22741945408137343,0.9737968945859964,0.8757902894739892,0.4826917948992569,0.7300154389935325,-0.6834306540030818
147,24,"(5, 2, 2, 1)",3,1,5.072038725524189,6.647988665155231,6.06218220104053,0.9341939343356901,0.3567655995894284,0.9756780509080162,-0.2192084418455059,0.35194640926214077,-0.9360201520306525
148,24,"(5, 2, 2, 1)",5,0,5.50707604228034,3.1415926462872332,-4.941815843966924,-1.0,7.302560012585754e-09,0.22741944245236986,0.973796897301821,0.7136444241970006,-0.700508126871153
149,24,"(5, 2, 2, 1)",5,1,-2.449638225874626,-0.14109489548255116,-0.10893688364944269,0.9900626175838317,-0.14062721380675686,0.9940722433485932,-0.10872154802013838,-0.770000476880899,-0.6380433101312075
150,25,"(5, 2, 1, 1, 1)",1,0,3.7315118897811668,3.501567897759928,6.283185307192162,-0.9359055442321362,-0.35225106426460795,1.0,1.2575473315174243e-11,-0.8309856102252695,-0.5562939111643561
151,25,"(5, 2, 1, 1, 1)",1,1,1.633686891669424,2.2363016606674475,7.903275977535273,-0.6174567096307415,0.7866048637861186,-0.04927438233317,0.9987852798503213,-0.06284911536945818,0.9980230401635408
152,25,"(5, 2, 1, 1, 1)",3,0,5.379499338362495,1.054913075470254,5.923210063018621,0.49330334401465065,0.8698573508248139,0.9359055442353659,-0.35225106425602687,0.618718433540687,-0.7856128181215977
153,25,"(5, 2, 1, 1, 1)",3,1,3.071674052135864,9.365218345883015,5.161704570779031,-0.9982268503951283,0.05952440802076222,0.43434915764059057,-0.9007445860269766,-0.9975566901946061,0.06986164790485953
154,25,"(5, 2, 1, 1, 1)",5,0,4.084304902196604,-9.285263566912873e-12,5.228272231704187,1.0,-9.285263566912873e-12,0.49330334401017484,-0.869857350827352,-0.587595560058483,-0.8091547798780884
155,25,"(5, 2, 1, 1, 1)",5,1,4.681130232321677,-7.838843048602271,-1.1196942383210657,0.015138007143495367,-0.9998854138048637,0.4359576421288129,-0.8999671851070382,-0.031253657775975704,-0.9995114851144143
156,26,"(4, 3, 1, 1, 1)",1,0,5.858164054065958,-1.3382177766932561,3.141592659024131,0.2304874104330022,-0.9730753072768257,-1.0,-5.43433774612814e-09,0.911029969647853,-0.41234014406001285
157,26,"(4, 3, 1, 1, 1)",1,1,1.3325031050955718,-2.111251156729357,4.853091065665825,-0.5145260500432688,-0.8574747482152881,0.1402382962711513,-0.9901177810033334,0.23604442242920548,0.9717422655416728
158,26,"(4, 3, 1, 1, 1)",3,0,7.2859132213534625,3.4840595002651287,-1.803374881927211,-0.9419291363518352,-0.3358117063050154,-0.23048741532822684,-0.9730753061173187,0.5380048377559167,0.842941750390399
159,26,"(4, 3, 1, 1, 1)",3,1,4.669638652985157,4.979533727958579,0.2763853091697704,0.26397854397896964,-0.9645285523605526,0.9620480978007222,0.2728799324208581,-0.042737306907410275,-0.9990863439154305
160,26,"(4, 3, 1, 1, 1)",5,0,5.374776608563491,3.141592652207553,2.799125807802515,-1.0,1.3822402226208756e-09,-0.9419291366500553,0.33581170546852823,0.6150013102765196,-0.7885260860353094
161,26,"(4, 3, 1, 1, 1)",5,1,3.318084484447554,0.7173831347028773,6.992821187255407,0.7535286738617157,0.6574150421675824,0.7585991713754787,0.6515575931477102,-0.9844657033255744,-0.1755769887419251
162,27,"(4, 2, 2, 1, 1)",1,0,2.8385527984394177,-0.4538089986169198,3.141592653633479,0.8987837911938712,-0.43839217224669014,-1.0,-4.3685821286690446e-11,-0.9544337378921107,0.2984229213269211
163,27,"(4, 2, 2, 1, 1)",1,1,1.4348570776552723,7.154029812653063,4.826033758351236,0.6441808374041259,0.764873223953695,0.11340031293273911,-0.993549379259409,0.13552095472625417,0.9907744803082509
164,27,"(4, 2, 2, 1, 1)",3,0,3.875604434498945,6.832309201749547,0.45380899861810725,0.8529821239382537,0.5219401270661087,0.8987837911933507,0.4383921722477574,-0.7424930780963607,-0.669853737004573
165,27,"(4, 2, 2, 1, 1)",3,1,3.527061868600351,1.146699831840491,-0.9001004877539079,0.4114974854703376,0.9114108949598909,0.6215312503706297,-0.7833893698619617,-0.9266221126721039,-0.375993963125855
166,27,"(4, 2, 2, 1, 1)",5,0,0.7579911986509515,6.04517774355819e-11,5.734061412383349,1.0,6.04517774355819e-11,0.8529821238201509,-0.5219401272591184,0.7262184536798162,0.687464004537617
167,27,"(4, 2, 2, 1, 1)",5,1,1.3282045553910373,1.453102984226071,5.169790022340783,0.11742182142773151,0.9930821294598922,0.4416178073996893,-0.8972032725015502,0.24021931123841236,0.9707186422996845
168,28,"(4, 2, 1, 1, 1, 1)",1,0,2.5916259844963383,0.26876120820629534,3.141592711421119,0.964100581492496,0.26553732085307896,-0.9999999999999983,-5.783132582781025e-08,-0.8525419432251266,0.5226588132251528
169,28,"(4, 2, 1, 1, 1, 1)",1,1,10.093535589200053,3.1832670914421675,18.902652726691084,-0.999131746288028,-0.04166237582562376,0.9985906957888276,0.05307185962433528,-0.7845925561083845,-0.6200117102920811
170,28,"(4, 2, 1, 1, 1, 1)",3,0,5.389936050620567,0.5630235426937541,2.872831495086612,0.8456451765928727,0.5337454780185112,-0.9641005946905266,0.2655372729342776,0.6268838029853253,-0.779112763054653
171,28,"(4, 2, 1, 1, 1, 1)",3,1,11.48373600384794,3.260876060112899,2.95150436580096,-0.9928941659266827,-0.1190007364210709,-0.9819875573558223,0.18894559322287885,0.4690031157685533,-0.8831965112020025
172,28,"(4, 2, 1, 1, 1, 1)",5,0,10.310137740036962,-6.283185344534368,-3.7046162201702346,0.9999999999999993,-3.735478124532147e-08,-0.8456451638434612,0.533745498218173,-0.63301102194033,-0.7741427814699683
173,28,"(4, 2, 1, 1, 1, 1)",5,1,5.936958191801457,2.6792933805940526,3.5799255184497385,-0.8950293719713173,0.4460072009605107,-0.9054605042350165,-0.4244305305588534,0.9406597378258466,-0.339351230487543
174,29,"(3, 3, 2, 1, 1)",1,0,0.230777716762768,-2.420041602355088,6.283185251398338,-0.7507820858094966,-0.6605499675479076,0.9999999999999984,-5.5781248309974805e-08,0.9734887986238469,0.2287346911902505
175,29,"(3, 3, 2, 1, 1)",1,1,4.644110783204037,2.379435421047498,4.783740106389779,-0.7233481615664,0.6904834807281846,0.0712906001835198,-0.9974555881468976,-0.0682251583850845,-0.9976699493135643
176,29,"(3, 3, 2, 1, 1)",3,0,0.8675672990765417,8.274778322183547,-0.7215509964077631,-0.40848777076994996,0.9127637926273132,0.7507821220254303,-0.6605499263848206,0.6466840210652426,0.762758006774684
177,29,"(3, 3, 2, 1, 1)",3,1,2.2423220921292057,-1.4467273448269322,6.1751052745807975,0.12375092556545692,-0.9923133116217341,0.9941650365890653,-0.10786973636689041,-0.6221811916835451,0.7828732750038436
178,29,"(3, 3, 2, 1, 1)",5,0,6.980563454808116,1.0988752221815953e-08,7.433184936595381,0.9999999999999999,1.0988752221815953e-08,0.4084877791400292,0.9127637888814645,0.766528600217301,0.6422101720222946
179,29,"(3, 3, 2, 1, 1)",5,1,3.834438912197082,5.009047593412206,5.09054752401335,0.29232641398186815,-0.956318601559387,0.3692097460810896,-0.9293460945195484,-0.7694311440071727,-0.6387297665146141
180,30,"(3, 2, 2, 2, 1)",1,0,1.570796330573444,4.986609728126432,1.5707963268750649,0.27079688257708456,-0.9626365089619927,-8.01682551974229e-11,1.0,-3.778547413676238e-09,1.0
181,30,"(3, 2, 2, 2, 1)",1,1,3.1415926245158996,5.071566037169108,3.5007697075677884,0.3515039241341847,-0.9361864084242354,-0.936186409410704,-0.35150392150685,-0.9999999999999996,2.9073893637383967e-08
182,30,"(3, 2, 2, 2, 1)",3,0,1.8240484994860948,1.2993181756402647,2.8795321724073575,0.26815574383850255,0.9633755742421641,-0.9658582174262281,0.2590712331198295,-0.2505537158693887,0.9681026988207613
183,30,"(3, 2, 2, 2, 1)",3,1,0.60746421124075,3.704698582519969,6.033151306950827,-0.8456012004418765,-0.5338151457304836,0.9689040093593968,-0.24743690235550153,0.8210980518954849,0.570787166265535
184,30,"(3, 2, 2, 2, 1)",5,0,1.5707963222472185,1.570796323577031,4.015459694633559,3.2178655908245855e-09,1.0,-0.6418660418719919,-0.7668167866521849,4.547678073178117e-09,1.0
185,30,"(3, 2, 2, 2, 1)",5,1,3.1415926603565727,2.3186050557276454,0.7478087319167925,-0.6800337961566905,0.733180766308501,0.7331807642792504,0.6800337983445339,-1.0,-6.766779458648589e-09
186,31,"(3, 2, 2, 1, 1, 1)",1,0,-1.5707963276315602,5.458390240250172,-1.5707963270491174,0.6787074845064245,-0.7344087080604107,-2.5422080534777273e-10,-1.0,-8.366635660359682e-10,-1.0
187,31,"(3, 2, 2, 1, 1, 1)",1,1,3.5702911262667665,1.57079632549423,3.1415926522466506,1.3006665246542023e-09,1.0,-1.0,1.343142608585676e-09,-0.9095075483794565,-0.4156874059203511
188,31,"(3, 2, 2, 1, 1, 1)",3,0,5.1651477617167965,7.31960969445491,2.5987712985447295,0.5093006381796817,0.860588670591107,-0.856254709417063,0.5165538428867806,0.43744801238369335,-0.8992437024864595
189,31,"(3, 2, 2, 1, 1, 1)",3,1,1.0619236033504325,4.369084079955302,2.3958319147220957,-0.33660097553538576,-0.9416473773492,-0.7345719302173138,0.6785308241611502,0.4871931124926528,0.8732942637735126
190,31,"(3, 2, 2, 1, 1, 1)",5,0,4.712388979770784,1.5707963264390485,6.1326466590131306,3.5584807895138034e-10,1.0,0.9886904399219492,-0.14997071049689184,-6.139055546800676e-10,-1.0
191,31,"(3, 2, 2, 1, 1, 1)",5,1,6.514878434444385e-10,0.5897664325748836,4.1226225467747835,0.8310706042450772,0.5561669270639187,-0.5561669279240957,-0.8310706036694318,1.0,6.514878434444385e-10
192,32,"(3, 2, 1, 1, 1, 1, 1)",1,0,3.5582056592399236,1.7553780927938092,1.0213439725527243e-07,-0.18353542009117696,0.9830130973552464,0.9999999999999948,1.0213439725527226e-07,-0.914464782672136,-0.4046654930339415
193,32,"(3, 2, 1, 1, 1, 1, 1)",1,1,6.96307810360237,2.9383032097811324,0.2591205560767223,-0.9794077650483345,0.20189212407378931,0.9666156923210998,0.25623056679210027,0.7776401231441338,0.6287096618283964
194,32,"(3, 2, 1, 1, 1, 1, 1)",3,0,0.8665383723416553,3.350252150840799,4.5278073090667625,-0.9783094769742261,-0.20714865981322722,-0.18353532701852757,-0.9830131147325565,0.6474685007131852,0.7620922126516056
195,32,"(3, 2, 1, 1, 1, 1, 1)",3,1,4.256165247759464,6.36531976280239,6.134837949271231,0.9966288614002659,0.08204213931882581,0.9890166952931712,-0.14780384444044287,-0.44056121580555174,-0.8977225713592892
196,32,"(3, 2, 1, 1, 1, 1, 1)",5,0,2.3504803642721015,3.1415926032293764,6.074525773769709,-0.9999999999999988,5.036041684814569e-08,0.9783094694839637,-0.20714869518779364,-0.7030547620641818,0.7111357124620283
197,32,"(3, 2, 1, 1, 1, 1, 1)",5,1,-0.22701696056589094,4.254892439387838,2.0386745472369414,-0.4417034874376563,-0.8971610943333489,-0.45099355599506946,0.8925272054402164,0.9743421278457653,-0.22507202825981365
