n,weyl_b,weyl_abs_c
1,0.22637939053570744,0.20888246192213256
11,0.3729131455499122,0.2051867671241876
21,0.39349765124781744,0.19223225693736445
31,0.40366806365361185,0.18443931976302785
41,0.41007753924487034,0.17915216552208246
51,0.41460113793860476,0.17527083399030818
61,0.4180155012268525,0.1722670938750479
71,0.4207110129320837,0.16985367325983614
81,0.42290890969063355,0.16785956950459546
91,0.4247453814960487,0.1661758960112376
101,0.42630953069616684,0.16472962145070014
111,0.427662453135234,0.16346970128193838
121,0.42884763535882975,0.16235924298316462
131,0.4298969881599364,0.16137083198036972
141,0.4308345299115359,0.16048361496387908
151,0.43167873106743926,0.1596814098903776
161,0.4324440597431076,0.1589514413347919
171,0.4331420315427721,0.15828347056448955
181,0.4337819412941073,0.15766918256284512
191,0.4343713846883208,0.1571017448813823
201,0.4349166375969844,0.15657548415609668
211,0.4354229367960558,0.15608564491221522
221,0.43589469101918077,0.15562820701093472
231,0.4363356418934883,0.15519974560024608
241,0.43674898824030794,0.15479732234822308
251,0.4371374832041335,0.15441840002230833
261,0.4375035109602452,0.15406077471423973
271,0.43784914788754836,0.15372252155818966
281,0.43817621179196387,0.15340195087789255
291,0.4384863018436951,0.15309757247437616
301,0.43878083122955047,0.1528080663264495
311,0.4390610540399109,0.1525322583859019
321,0.43932808755560426,0.15226910045239261
331,0.4395829308364547,0.15201765333943484
341,0.4398264803152889,0.1517770727136991
351,0.4400595429511016,0.15154659711991147
361,0.4402828473802156,0.15132553780352165
371,0.4404970534157222,0.15111327002059927
381,0.4407027601766398,0.15090922558472197
391,0.44090051307432443,0.15071288644798742
401,0.4410908098411612,0.1505237791507179
411,0.4412741057528553,0.1503414700042347
421,0.44145081816871823,0.15016556089495658
431,0.4416213304927128,0.14999568561724974
441,0.4417859956405783,0.14983150665805045
451,0.4419451390841713,0.149672712368913
461,0.44209906153260103,0.14951901447148508
471,0.4422480413002585,0.1493701458509218
481,0.4423923364040272,0.1492258585987587
491,0.4425321864255265,0.14908592227258843
501,0.4426678141688569,0.14895012234469895
511,0.4427994271398443,0.14881825881590238
521,0.4429272188690714,0.14869014497416533
531,0.44305137009779827,0.14856560628047166
541,0.4431720498432492,0.1484444793668125
551,0.44328941635750674,0.1483266111331858
561,0.4434036179923231,0.14821185793225755
571,0.44351479398057947,0.14810008483178994
581,0.443623075143706,0.1479911649462302
591,0.44372858453321484,0.14788497882991436
601,0.4438314380134729,0.1477814139252871
611,0.4439317447919624,0.1476803640603377
621,0.44402960790253854,0.14758172899014088
631,0.4441251246465141,0.1474854139780124
641,0.4442183869958667,0.14739132941227684
651,0.4443094819623319,0.1472993904551405
661,0.4443984919357584,0.1472095167205305
671,0.44448549499469525,0.14712163197811634
681,0.44457056519185745,0.14703566388103528
691,0.4446537728168485,0.1469515437151152
701,0.44473518463824213,0.146869206167616
711,0.4448148641269061,0.14678858911370707
721,0.444892871662276,0.14670963341911403
731,0.4449692647230812,0.14663228275749596
741,0.445044098063895,0.1465564834412696
751,0.4451174238787381,0.14648218426473036
761,0.4451892919528353,0.14640933635842757
771,0.44525974980353844,0.14633789305384948
781,0.4453288428113016,0.1462678097575676
791,0.4453966143415373,0.14619904383406457
801,0.4454631058580949,0.14613155449655757
811,0.44552835702902627,0.14606530270516505
821,0.4455924058252583,0.14600025107184766
831,0.44565528861271986,0.14593636377160735
841,0.44571704023843495,0.14587360645943726
851,0.4457776941110474,0.14581194619261595
861,0.445837282276182,0.14575135135792472
871,0.44589583548704415,0.14569179160343282
881,0.4459533832706093,0.14563323777451131
891,0.44600995398971044,0.1455756618537718
901,0.44606557490132914,0.1455190369046493
911,0.4461202722113722,0.1454633370183629
921,0.44617407112615304,0.14540853726403213
931,0.44622699590084114,0.14535461364171542
941,0.44627906988506894,0.145301543038177
951,0.4463303155658931,0.14524930318520113
961,0.4463807546082954,0.14519787262026895
971,0.4464304078933843,0.14514723064945567
981,0.44647929555445387,0.1450973573123937
991,0.4465274370110288,0.14504823334916672
1001,0.44657485100104477,0.14499984016901557
1011,0.4466215556112676,0.14495215982073084
1021,0.4466675683060739,0.14490517496463884
1031,0.44671290595469326,0.14485886884606636
1041,0.4467575848570071,0.14481322527020168
1051,0.44680162076799235,0.14476822857826566
1061,0.44684502892090094,0.1447238636249093
1071,0.44688782404924154,0.14468011575676343
1081,0.44693002040764096,0.14463697079207893
1091,0.4469716317916568,0.14459441500138226
1101,0.44701267155659163,0.14455243508909454
1111,0.44705315263537493,0.1445110181760576
1121,0.44709308755556965,0.14447015178290634
1131,0.44713248845554965,0.14442982381425562
1141,0.4471713670998865,0.1443900225436341
1151,0.44720973489401405,0.1443507365991401
1161,0.44724760289818466,0.14431195494977622
1171,0.4472849818407747,0.14427366689241516
1181,0.44732188213096613,0.14423586203937422
1191,0.44735831387084435,0.1441985303065616
1201,0.4473942868669347,0.1441616619021584
1211,0.4474298106412231,0.14412524731581478
1221,0.44746489444167015,0.14408927730833287
1231,0.44749954725225827,0.14405374290180095
1241,0.44753377780259385,0.14401863537017157
1251,0.44756759457708295,0.14398394623024302
1261,0.4476010058237119,0.14394966723304314
1271,0.44763401956243687,0.143915790355571
1281,0.44766664359322217,0.14388230779290279
1291,0.4476988855037307,0.1438492119506254
1301,0.4477307526766898,0.14381649543759423
1311,0.4477622522969451,0.14378415105898412
1321,0.44779339135822394,0.1437521718096395
1331,0.4478241766696165,0.1437205508676911
1341,0.4478546148617877,0.14368928158843453
1351,0.44788471239294125,0.14365835749845512
1361,0.4479144755545388,0.14362777228999501
1371,0.4479439104767877,0.1435975198155388
1381,0.4479730231339145,0.14356759408261688
1391,0.4480018193492228,0.14353798924881378
1401,0.44803030479995964,0.14350869961696855
1411,0.44805848502198486,0.14347971963056594
1421,0.4480863654142633,0.14345104386930174
1431,0.448113951243184,0.14342266704481865
1441,0.4481412476467108,0.143394583996602
1451,0.44816825963837914,0.14336678968803884
1461,0.4481949921111408,0.14333927920261225
1471,0.4482214498410615,0.14331204774024808
1481,0.44824763749088703,0.14328509061378814
1491,0.4482735596134697,0.14325840324560346
1501,0.4482992206550769,0.1432319811643179
1511,0.44832462495857506,0.14320582000166304
1521,0.448349776766495,0.14317991548943532
1531,0.4483746802239921,0.14315426345657478
1541,0.44839933938170073,0.1431288598263345
1551,0.4484237581984827,0.1431037006135556
1561,0.44844794054407977,0.1430787819220427
1571,0.4484718902016773,0.143054099942022
1581,0.4484956108703768,0.14302965094769515
1591,0.4485191061675762,0.14300543129487142
1601,0.4485423796312773,0.1429814374186824
1611,0.44856543472231003,0.14295766583137937
1621,0.44858827482648067,0.14293411312019888
1631,0.4486109032566503,0.14291077594530055
1641,0.4486333232547386,0.14288765103777834
1651,0.4486555379936643,0.14286473519773502
1661,0.4486775505792213,0.1428420252924152
1671,0.44869936405189215,0.14281951825441297
1681,0.4487209813885995,0.1427972110799205
1691,0.44874240550440625,0.14277510082704747
1701,0.44876363925415497,0.14275318461418962
1711,0.4487846854340578,0.1427314596184459
1721,0.44880554678323126,0.14270992307409358
1731,0.44882622598519006,0.14268857227110399
1741,0.44884672566928696,0.14266740455371085
1751,0.44886704841210623,0.14264641731902206
1761,0.44888719673881905,0.1426256080156687
1771,0.44890717312449446,0.1426049741425075
1781,0.4489269799953677,0.14258451324735066
1791,0.4489466197300711,0.14256422292574555
1801,0.44896609466082893,0.14254410081978275
1811,0.44898540707461176,0.14252414461694407
1821,0.4490045592142611,0.14250435204898793
1831,0.44902355327957366,0.14248472089086217
1841,0.44904239142835944,0.1424652489596543
1851,0.44906107577746734,0.1424459341135691
1861,0.4490796084037738,0.1424267742509393
1871,0.44909799134515094,0.14240776730926363
1881,0.4491162266014017,0.14238891126427156
1891,0.4491343161351695,0.1423702041290209
1901,0.4491522618728183,0.14235164395301236
1911,0.4491700657052906,0.1423332288213377
1921,0.44918772948894325,0.14231495685384843
1931,0.44920525504634856,0.14229682620434847
1941,0.44922264416708746,0.1422788350598081
1951,0.4492398986085089,0.14226098163960454
1961,0.44925702009647317,0.1422432641947795
1971,0.4492740103260715,0.1422256810073188
1981,0.44929087096232934,0.14220823038945074
1991,0.44930760364088673,0.14219091068296752
2001,0.44932420996866007,0.14217372025855912
2011,0.4493406915244913,0.1421566575151747
2021,0.44935704985976965,0.14213972087938753
2031,0.4493732864990445,0.14212290880479106
2041,0.4493894029406196,0.1421062197714047
2051,0.4494054006571293,0.14208965228509296
2061,0.44942128109609936,0.14207320487700414
2071,0.4494370456804999,0.14205687610302586
2081,0.4494526958092724,0.1420406645432477
2091,0.449468232857849,0.14202456880144343
2101,0.44948365817866076,0.14200858750456735
2111,0.4494989731016279,0.14199271930225787
2121,0.44951417893463663,0.1419769628663623
2131,0.4495292769640118,0.14196131689046698
2141,0.44954426845496265,0.14194578008943992
2151,0.4495591546520359,0.1419303511989929
2161,0.4495739367795393,0.1419150289752409
2171,0.4495886160419662,0.14189981219428915
2181,0.4496031936244069,0.14188469965181394
2191,0.44961767069294467,0.14186969016266637
2201,0.44963204839504733,0.14185478256048434
2211,0.4496463278599485,0.14183997569730167
2221,0.449660510199017,0.14182526844318843
2231,0.4496745965061191,0.1418106596858797
2241,0.4496885878579695,0.14179614833042642
2251,0.449702485314476,0.14178173329884558
2261,0.44971628991907675,0.1417674135297915
2271,0.4497300026990656,0.14175318797821923
2281,0.4497436246659108,0.1417390556150675
2291,0.44975715681557116,0.14172501542694693
2301,0.4497706001287938,0.14171106641583187
2311,0.4497839555714176,0.1416972075987628
2321,0.4497972240946604,0.1416834380075569
2331,0.4498104066354003,0.1416697566885219
2341,0.44982350411645466,0.14165616270217818
2351,0.44983651744685105,0.1416426551229888
2361,0.44984944752208644,0.1416292330390938
2371,0.44986229522439025,0.141615895552051
2381,0.44987506142297295,0.14160264177658544
2391,0.4498877469742695,0.1415894708403389
2401,0.4499003527221861,0.1415763818836293
2411,0.4499128794983278,0.14156337405921882
2421,0.44992532812223285,0.1415504465320776
2431,0.4499376994015938,0.1415375984791627
2441,0.4499499941324778,0.14152482908919328
2451,0.44996221309954176,0.14151213756244196
2461,0.449974357076238,0.14149952311051717
2471,0.4499864268250233,0.14148698495616152
2481,0.4499984230975569,0.14147452233304936
2491,0.4500103466348948,0.14146213448559042
2501,0.45002219816768463,0.14144982066873446
2511,0.4500339784163492,0.1414375801477883
2521,0.45004568809127043,0.1414254121982257
2531,0.4500573278929725,0.14141331610550978
2541,0.4500688985122894,0.14140129116491895
2551,0.45008040063054366,0.14138933668136833
2561,0.45009183491970894,0.14137745196924634
2571,0.4501032020425777,0.14136563635224775
2581,0.4501145026529194,0.14135388916321112
2591,0.45012573739563777,0.14134220974395983
2601,0.450136906906927,0.14133059744514842
2611,0.4501480118144201,0.14131905162611158
2621,0.4501590527373356,0.14130757165471408
2631,0.4501700302866265,0.1412961569072042
2641,0.4501809450651155,0.1412848067680743
2651,0.4501917976676362,0.14127352062991871
2661,0.45020258868117047,0.1412622978932987
2671,0.4502133186849786,0.1412511379666066
2681,0.4502239882507295,0.14124004026593795
2691,0.45023459794262966,0.14122900421495999
2701,0.4502451483175456,0.14121802924478732
2711,0.4502556399251283,0.1412071147938576
2721,0.45026607330793045,0.14119626030781252
2731,0.4502764490015281,0.14118546523937692
2741,0.45028676753462893,0.14117472904824702
2751,0.4502970294291915,0.14116405120097042
2761,0.4503072352005324,0.14115343117084045
2771,0.45031738535743315,0.14114286843778423
2781,0.45032748040224924,0.1411323624882561
2791,0.4503375208310123,0.14112191281513287
2801,0.4503475071335332,0.14111151891760887
2811,0.4503574397935006,0.1411011803010993
2821,0.45036731928857954,0.14109089647713713
2831,0.4503771460905073,0.1410806669632798
2841,0.4503869206651885,0.14107049128300986
2851,0.45039664347278485,0.14106036896564422
2861,0.45040631496781014,0.1410502995462437
2871,0.45041593559921544,0.1410402825655206
2881,0.45042550581047536,0.1410303175697516
2891,0.45043502603967944,0.1410204041106935
2901,0.45044449671960773,0.14101054174549432
2911,0.45045391827782044,0.1410007300366134
2921,0.45046329113673433,0.14099096855173876
2931,0.45047261571370356,0.1409812568637081
2941,0.45048189242109604,0.14097159455042618
2951,0.4504911216663716,0.14096198119479464
2961,0.4505003038521558,0.14095241638462852
2971,0.4505094393763134,0.14094289971258966
2981,0.4505185286320188,0.14093343077610676
2991,0.45052757200783144,0.14092400917730785
3001,0.4505365698877597,0.14091463452295105
3011,0.45054552265133196,0.14090530642435084
3021,0.45055443067366596,0.1408960244973132
3031,0.4505632943255282,0.14088678836207258
3041,0.45057211397340335,0.14087759764321994
3051,0.45058088997955714,0.14086845196964148
3061,0.4505896227020978,0.14085935097445645
3071,0.45059831249503546,0.14085029429495677
3081,0.4506069597083453,0.1408412815725404
3091,0.45061556468802433,0.14083231245265893
3101,0.4506241277761518,0.14082338658475368
3111,0.4506326493109416,0.14081450362219883
3121,0.4506411296268018,0.14080566322224897
3131,0.4506495690543888,0.140796865045977
3141,0.4506579679206615,0.14078810875822612
3151,0.4506663265489328,0.14077939402755035
3161,0.4506746452589221,0.14077072052616657
3171,0.45068292436680846,0.14076208792989764
3181,0.45069116418527866,0.14075349591812714
3191,0.4506993650235769,0.14074494417374606
3201,0.4507075271875536,0.14073643238310307
3211,0.45071565097971433,0.14072796023595746
3221,0.45072373669926336,0.14071952742543203
3231,0.450731784642155,0.14071113364796517
3241,0.45073979510113205,0.14070277860326463
3251,0.4507477683657779,0.14069446199426405
3261,0.450755704722555,0.1406861835270785
3271,0.4507636044548473,0.14067794291095748
3281,0.45077146784300925,0.1406697398582475
3291,0.4507792951643985,0.1406615740843442
3301,0.45078708669342493,0.1406534453076551
3311,0.4507948427015833,0.14064535324955596
3321,0.4508025634574988,0.1406372976343544
3331,0.450810249226965,0.14062927818924464
3341,0.45081790027297863,0.14062129464427287
3351,0.4508255168557813,0.14061334673229986
3361,0.4508330992328924,0.1406054341889611
3371,0.45084064765915066,0.14059755675262675
3381,0.4508481623867464,0.14058971416437416
3391,0.450855643665256,0.14058190616794342
3401,0.45086309174167916,0.1405741325097063
3411,0.4508705068604728,0.1405663929386316
3421,0.45087788926358385,0.14055868720624964
3431,0.4508852391904785,0.1405510150666185
3441,0.45089255687818497,0.14054337627629465
3451,0.450899842561312,0.14053577059429578
3461,0.4509070964720925,0.14052819778207137
3471,0.45091431884040656,0.140520657603469
3481,0.4509215098938153,0.14051314982470853
3491,0.45092866985759006,0.1405056742143458
3501,0.4509357989547418,0.14049823054324673
3511,0.4509428974060512,0.1404908185845528
3521,0.45094996543009547,0.1404834381136597
3531,0.45095700324327836,0.14047608890818086
3541,0.4509640110598552,0.1404687707479253
3551,0.45097098909196465,0.14046148341486475
3561,0.4509779375496512,0.14045422669311236
3571,0.4509848566408925,0.14044700036888802
3581,0.45099174657162866,0.1404398042305015
3591,0.4509986075457828,0.14043263806831519
3601,0.45100543976529117,0.14042550167473067
3611,0.4510122434301236,0.14041839484415242
3621,0.45101901873831185,0.14041131737296908
3631,0.4510257658859711,0.14040426905952863
3641,0.4510324850673255,0.14039724970411172
3651,0.4510391764747297,0.14039025910890945
3661,0.45104584029869343,0.14038329707800123
3671,0.4510524767279023,0.14037636341732895
3681,0.45105908594924404,0.1403694579346748
3691,0.4510656681478258,0.14036258043964178
3701,0.4510722235069986,0.14035573074362784
3711,0.4510787522083781,0.14034890865980554
3721,0.45108525443186576,0.14034211400310248
3731,0.4510917303556692,0.14033534659017644
3741,0.45109818015632275,0.14032860623939847
3751,0.4511046040087088,0.14032189277083074
3761,0.45111100208607446,0.14031520600620517
3771,0.45111737456005496,0.14030854576890395
3781,0.45112372160069114,0.14030191188394348
3791,0.45113004337644647,0.14029530417794867
3801,0.4511363400542292,0.14028872247914048
3811,0.4511426117994102,0.14028216661731108
3821,0.45114885877583877,0.14027563642381224
3831,0.45115508114586156,0.14026913173152877
3841,0.45116127907034365,0.1402626523748678
3851,0.4511674527086784,0.14025619818973745
3861,0.4511736022188133,0.14024976901353092
3871,0.45117972775726045,0.140243364685106
3881,0.4511858294791171,0.14023698504477444
3891,0.45119190753807725,0.14023062993427704
3901,0.45119796208645635,0.1402242991967757
3911,0.4512039932751968,0.14021799267682944
3921,0.45121000125389266,0.1402117102203837
3931,0.4512159861707987,0.14020545167475262
3941,0.4512219481728508,0.14019921688860215
3951,0.4512278874056763,0.1401930057119376
3961,0.4512338040136141,0.140186817996085
3971,0.451239698139724,0.14018065359368137
3981,0.45124556992580445,0.14017451235865241
3991,0.4512514195124062,0.14016839414620552
4001,0.4512572470388463,0.14016229881280928
4011,0.4512630526432213,0.14015622621618462
4021,0.45126883646242266,0.14015017621528614
4031,0.451274598632148,0.14014414867029323
4041,0.45128033928691647,0.14013814344259057
4051,0.4512860585600791,0.14013216039476095
4061,0.4512917565838368,0.1401261993905667
4071,0.45129743348924745,0.14012026029494073
4081,0.45130308940624175,0.14011434297397063
4091,0.4513087244636349,0.14010844729488792
4101,0.45131433878913807,0.14010257312605479
4111,0.4513199325093744,0.14009672033695164
4121,0.4513255057498835,0.14009088879816645
4131,0.4513310586351418,0.1400850783813805
4141,0.45133659128856785,0.14007928895935606
4151,0.4513421038325349,0.14007352040592735
4161,0.45134759638838595,0.14006777259598824
4171,0.4513530690764407,0.14006204540547973
4181,0.4513585220160081,0.14005633871137846
4191,0.45136395532539897,0.1400506523916878
4201,0.4513693691219327,0.1400449863254245
4211,0.4513747635219518,0.14003934039260812
4221,0.4513801386408298,0.14003371447425295
4231,0.4513854945929827,0.14002810845235558
4241,0.45139083149188064,0.14002252220988165
4251,0.45139614945005313,0.14001695563076044
4261,0.451401448579106,0.14001140859987427
4271,0.451406728989725,0.14000588100304512
4281,0.45141199079168715,0.1400003727270258
4291,0.45141723409387335,0.13999488365949198
4301,0.4514224590042737,0.13998941368903317
4311,0.4514276656299989,0.1399839627051387
4321,0.4514328540772894,0.1399785305981931
4331,0.4514380244515248,0.1399731172594647
4341,0.45144317685722957,0.1399677225810958
4351,0.4514483113980887,0.1399623464560964
4361,0.451453428176948,0.13995698877833185
4371,0.4514585272958298,0.1399516494425166
4381,0.4514636088559376,0.1399463283442044
4391,0.4514686729576649,0.13994102537977948
4401,0.4514737197006049,0.13993574044644852
4411,0.45147874918355857,0.13993047344223353
4421,0.45148376150453906,0.1399252242659612
4431,0.4514887567607868,0.13991999281725498
4441,0.45149373504877044,0.1399147789965296
4451,0.4514986964641974,0.13990958270498055
4461,0.4515036411020237,0.13990440384457692
4471,0.4515085690564584,0.1398992423180534
4481,0.4515134804209717,0.13989409802890407
4491,0.45151837528830363,0.13988897088137353
4501,0.4515232537504694,0.13988386078044712
4511,0.4515281158987694,0.13987876763185003
4521,0.4515329618237951,0.1398736913420331
4531,0.4515377916154346,0.13986863181816833
4541,0.4515426053628806,0.13986358896814277
4551,0.45154740315463826,0.13985856270055042
4561,0.45155218507853156,0.13985355292468604
4571,0.45155695122171036,0.13984855955053632
4581,0.4515617016706539,0.1398435824887745
4591,0.45156643651118245,0.139838621650755
4601,0.45157115582845897,0.1398336769485029
4611,0.45157585970700076,0.13982874829471204
4621,0.45158054823068117,0.13982383560273526
4631,0.4515852214827367,0.13981893878657825
4641,0.4515898795457751,0.13981405776089684
4651,0.45159452250178056,0.13980919244098367
4661,0.45159915043211907,0.13980434274277087
4671,0.4516037634175447,0.13979950858281498
4681,0.4516083615382067,0.13979468987829957
4691,0.4516129448736539,0.13978988654702018
4701,0.4516175135028391,0.13978509850738696
4711,0.4516220675041298,0.13978032567841492
4721,0.4516266069553083,0.1397755679797159
4731,0.4516311319335804,0.13977082533149776
4741,0.45163564251557986,0.1397660976545545
4751,0.45164013877737297,0.13976138487026368
4761,0.4516446207944673,0.13975668690058018
4771,0.45164908864181275,0.13975200366802998
4781,0.4516535423938093,0.13974733509570392
4791,0.45165798212431163,0.13974268110725507
4801,0.4516624079066336,0.13973804162689163
4811,0.45166681981355516,0.13973341657937244
4821,0.45167121791732523,0.1397288058900017
4831,0.45167560228966863,0.13972420948462272
4841,0.45167997300178797,0.1397196272896144
4851,0.4516843301243716,0.13971505923188765
4861,0.451688673727598,0.13971050523887651
4871,0.45169300388113953,0.1397059652385355
4881,0.4516973206541639,0.13970143915933697
4891,0.45170162411534776,0.13969692693026126
4901,0.4517059143328721,0.13969242848079677
4911,0.45171019137443125,0.13968794374093463
4921,0.4517144553072354,0.13968347264115977
4931,0.4517187061980188,0.13967901511245184
4941,0.4517229441130386,0.1396745710862799
4951,0.45172716911808486,0.1396701404945926
4961,0.4517313812784778,0.13966572326982174
4971,0.45173558065908104,0.1396613193448717
4981,0.4517397673242973,0.13965692865311752
4991,0.45174394133807816,0.13965255112840236
5001,0.45174810276392563,0.13964818670503032
5011,0.45175225166489597,0.1396438353177638
5021,0.45175638810360486,0.1396394969018182
5031,0.4517605121422328,0.13963517139286097
5041,0.45176462384252414,0.13963085872700365
5051,0.4517687232657952,0.13962655884079922
5061,0.4517728104729386,0.1396222716712412
5071,0.4517768855244224,0.13961799715575474
5081,0.45178094848029904,0.13961373523219667
5091,0.45178499940020433,0.13960948583885013
5101,0.45178903834336737,0.13960524891441928
5111,0.451793065368606,0.13960102439803013
5121,0.4517970805343374,0.1395968122292226
5131,0.4518010838985793,0.13959261234794784
5141,0.4518050755189513,0.13958842469456556
5151,0.45180905545268146,0.13958424920984047
5161,0.4518130237566078,0.13958008583493697
5171,0.4518169804871839,0.13957593451141914
5181,0.4518209257004777,0.13957179518124274
5191,0.45182485945218165,0.1395676677867561
5201,0.45182878179760966,0.13956355227069395
5211,0.4518326927917027,0.13955944857617553
5221,0.45183659248903485,0.13955535664669938
5231,0.4518404809438108,0.1395512764261433
5241,0.4518443582098737,0.13954720785875807
5251,0.45184822434070604,0.1395431508891658
5261,0.4518520793894343,0.13953910546235626
5271,0.4518559234088304,0.13953507152368338
5281,0.4518597564513147,0.13953104901886526
5291,0.4518635785689611,0.13952703789397347
5301,0.45186738981349883,0.1395230380954393
5311,0.4518711902363117,0.1395190495700458
5321,0.4518749798884487,0.1395150722649241
5331,0.45187875882062034,0.1395111061275527
5341,0.4518825270832041,0.13950715110575374
5351,0.45188628472624703,0.1395032071476887
5361,0.4518900317994685,0.13949927420186015
5371,0.4518937683522628,0.13949535221710185
5381,0.45189749443370086,0.1394914411425816
5391,0.4519012100925366,0.13948754092779847
5401,0.4519049153772041,0.1394836515225748
5411,0.45190861033582497,0.13947977287705893
5421,0.451912295016208,0.1394759049417198
5431,0.451915969465853,0.139472047667347
5441,0.451919633731956,0.13946820100504276
5451,0.4519232878614039,0.1394643649062246
5461,0.45192693190078614,0.1394605393226227
5471,0.4519305658963928,0.13945672420627098
5481,0.4519341898942155,0.13945291950951422
5491,0.45193780393995375,0.1394491251849974
5501,0.45194140807901295,0.13944534118566576
5511,0.4519450023565126,0.13944156746476466
5521,0.4519485868172817,0.13943780397583616
5531,0.4519521615058677,0.13943405067271275
5541,0.4519557264665339,0.1394303075095209
5551,0.45195928174326383,0.13942657444067308
5561,0.4519628273797647,0.13942285142087218
5571,0.4519663634194666,0.13941913840510178
5581,0.4519698899055262,0.13941543534862788
5591,0.451973406880831,0.13941174220699715
5601,0.45197691438799836,0.13940805893603248
5611,0.45198041246937937,0.13940438549183298
5621,0.45198390116705944,0.13940072183077046
5631,0.4519873805228638,0.1393970679094867
5641,0.45199085057835564,0.13939342368489172
5651,0.4519943113748397,0.13938978911416378
5661,0.4519977629533658,0.13938616415474492
5671,0.45200120535472976,0.13938254876433742
5681,0.4520046386194725,0.13937894290090647
5691,0.45200806278788885,0.13937534652267303
5701,0.4520114779000233,0.13937175958811654
5711,0.45201488399567236,0.13936818205596868
5721,0.452018281114392,0.13936461388521337
5731,0.4520216692954939,0.139361055035085
5741,0.45202504857804904,0.13935750546506576
5751,0.4520284190008912,0.13935396513488563
5761,0.4520317806026153,0.13935043400451708
5771,0.4520351334215844,0.13934691203417415
5781,0.4520384774959254,0.13934339918431426
5791,0.45204181286353773,0.13933989541563108
5801,0.45204513956208725,0.1393364006890554
5811,0.45204845762901424,0.13933291496575517
5821,0.45205176710153516,0.1393294382071275
5831,0.4520550680166391,0.139325970374804
5841,0.45205836041109393,0.13932251143064445
5851,0.45206164432144824,0.139319061336737
5861,0.4520649197840303,0.13931562005539622
5871,0.45206818683494987,0.13931218754915964
5881,0.4520714455101045,0.13930876378078771
5891,0.4520746958451758,0.13930534871326294
5901,0.45207793787563233,0.1393019423097872
5911,0.4520811716367339,0.1392985445337782
5921,0.4520843971635289,0.1392951553488695
5931,0.45208761449086055,0.1392917747189113
5941,0.45209082365336606,0.1392884026079635
5951,0.45209402468547566,0.13928503898029998
5961,0.45209721762141886,0.1392816838004025
5971,0.45210040249522443,0.13927833703295978
5981,0.45210357934072043,0.1392749986428683
5991,0.45210674819153684,0.13927166859522888
6001,0.4521099090811056,0.13926834685534573
6011,0.45211306204266677,0.13926503338872465
6021,0.45211620710926326,0.1392617281610713
6031,0.4521193443137461,0.13925843113829028
6041,0.4521224736887781,0.13925514228648428
6051,0.4521255952668284,0.13925186157194958
6061,0.4521287090801813,0.13924858896117964
6071,0.4521318151609339,0.13924532442085802
6081,0.45213491354099666,0.13924206791786276
6091,0.45213800425209794,0.13923881941925842
6101,0.4521410873257805,0.13923557889230054
6111,0.4521441627934095,0.13923234630443293
6121,0.452147230686168,0.1392291216232815
6131,0.45215029103506055,0.13922590481666042
6141,0.45215334387091577,0.1392226958525642
6151,0.4521563892243856,0.13921949469917205
6161,0.45215942712594615,0.13921630132484086
6171,0.4521624576059029,0.13921311569810957
6181,0.45216548069438467,0.1392099377876912
6191,0.4521684964213559,0.13920676756247996
6201,0.4521715048166053,0.1392036049915415
6211,0.4521745059097553,0.1392004500441173
6221,0.4521774997302632,0.13919730268962205
6231,0.4521804863074177,0.13919416289764008
6241,0.45218346567034384,0.13919103063792893
6251,0.4521864378480025,0.1391879058804122
6261,0.45218940286919374,0.13918478859518313
6271,0.4521923607625542,0.1391816787525011
6281,0.45219531155656156,0.13917857632279151
6291,0.4521982552795345,0.13917548127664237
6301,0.4522011919596345,0.1391723935848086
6311,0.4522041216248649,0.13916931321820236
6321,0.45220704430307457,0.13916624014789925
6331,0.45220996002195957,0.1391631743451338
6341,0.45221286880905787,0.13916011578130139
6351,0.4522157706917609,0.13915706442795006
6361,0.4522186656973046,0.1391540202567887
6371,0.45222155385277674,0.1391509832396789
6381,0.4522244351851157,0.13914795334863683
6391,0.45222730972111247,0.1391449305558332
6401,0.4522301774874098,0.13914191483358795
6411,0.45223303851050645,0.13913890615437374
6421,0.4522358928167538,0.13913590449081337
6431,0.452238740432362,0.13913290981567705
6441,0.45224158138339643,0.13912992210188335
6451,0.45224441569578033,0.13912694132249737
6461,0.4522472433952993,0.13912396745073075
6471,0.4522500645075951,0.13912100045993903
6481,0.4522528790581726,0.13911804032362163
6491,0.45225568707239816,0.13911508701542008
6501,0.4522584885755023,0.1391121405091189
6511,0.4522612835925779,0.13910920077864297
6521,0.45226407214858355,0.1391062677980548
6531,0.4522668542683439,0.139103341541559
6541,0.4522696299765494,0.13910042198349615
6551,0.4522723992977591,0.13909750909834262
6561,0.4522751622564014,0.1390946028607143
6571,0.4522779188767716,0.13909170324535847
6581,0.4522806691830379,0.13908881022715835
6591,0.4522834131992388,0.13908592378113038
6601,0.45228615094928415,0.13908304388242243
6611,0.4522888824569593,0.13908017050631383
6621,0.45229160774592003,0.13907730362821535
6631,0.4522943268397004,0.13907444322366658
6641,0.45229703976170743,0.13907158926833585
6651,0.45229974653522564,0.1390687417380203
6661,0.45230244718341694,0.13906590060864144
6671,0.45230514172932157,0.1390630658562504
6681,0.4523078301958572,0.13906023745702178
6691,0.45231051260582333,0.13905741538725458
6701,0.45231318898189876,0.13905459962337208
6711,0.4523158593466441,0.13905179014191837
6721,0.4523185237225018,0.1390489869195637
6731,0.4523211821317972,0.1390461899330937
6741,0.4523238345967391,0.13904339915941932
6751,0.45232648113942275,0.1390406145755696
6761,0.45232912178182705,0.1390378361586908
6771,0.45233175654581625,0.13903506388604914
6781,0.45233438545314275,0.13903229773502623
6791,0.4523370085254452,0.13902953768312187
6801,0.45233962578425313,0.1390267837079504
6811,0.4523422372509831,0.13902403578724076
6821,0.4523448429469399,0.13902129389883644
6831,0.4523474428933225,0.13901855802069552
6841,0.452350037111219,0.1390158281308862
6851,0.45235262562160905,0.1390131042075904
6861,0.4523552084453666,0.139010386229101
6871,0.45235778560325723,0.1390076741738211
6881,0.4523603571159409,0.13900496802026296
6891,0.4523629230039745,0.13900226774704816
6901,0.45236548328780657,0.13899957333290658
6911,0.45236803798778524,0.1389968847566756
6921,0.452370587124153,0.13899420199730006
6931,0.4523731307170511,0.1389915250338305
6941,0.45237566878651947,0.13898885384542314
6951,0.45237820135249596,0.13898618841133814
6961,0.45238072843481625,0.13898352871094044
6971,0.4523832500532201,0.1389808747236998
6981,0.4523857662273434,0.13897822642918545
6991,0.4523882769767278,0.1389755838070732
7001,0.45239078232081376,0.13897294683713568
7011,0.4523932822789458,0.13897031549924943
7021,0.4523957768703717,0.13896768977339047
7031,0.45239826611424405,0.1389650696396343
7041,0.4524007500296161,0.13896245507815497
7051,0.45240322863545135,0.13895984606922518
7061,0.4524057019506156,0.1389572425932144
7071,0.4524081699938822,0.1389546446305916
7081,0.45241063278393234,0.13895205216191897
7091,0.45241309033935195,0.13894946516785645
7101,0.4524155426786374,0.13894688362915897
7111,0.4524179898201943,0.13894430752667564
7121,0.4524204317823344,0.1389417368413497
7131,0.45242286858328296,0.13893917155421764
7141,0.452425300241174,0.13893661164640836
7151,0.45242772677405085,0.13893405709914575
7161,0.4524301481998725,0.13893150789374076
7171,0.4524325645365055,0.13892896401159938
7181,0.4524349758017312,0.1389264254342164
7191,0.4524373820132457,0.13892389214317635
7201,0.4524397831886562,0.13892136412015343
7211,0.4524421793454856,0.13891884134691068
7221,0.4524445705011715,0.13891632380530083
7231,0.45244695667306534,0.138913811477261
7241,0.4524493378784369,0.1389113043448189
7251,0.4524517141344706,0.13890880239008752
7261,0.4524540854582684,0.13890630559526507
7271,0.45245645186684946,0.13890381394263684
7281,0.4524588133771523,0.1389013274145725
7291,0.45246117000603103,0.1388988459935252
7301,0.4524635217702615,0.1388963696620351
7311,0.45246586868653704,0.13889389840272237
7321,0.4524682107714728,0.13889143219829236
7331,0.45247054804160225,0.1388889710315313
7341,0.4524728805133815,0.1388865148853089
7351,0.4524752082031869,0.13888406374257567
7361,0.45247753112731814,0.13888161758636386
7371,0.45247984930199614,0.13887917639978387
7381,0.4524821627433653,0.1388767401660287
7391,0.4524844714674918,0.1388743088683695
7401,0.4524867754903674,0.13887188249015647
7411,0.4524890748279091,0.1388694610148189
7421,0.4524913694959549,0.13886704442586328
7431,0.4524936595102709,0.13886463270687432
7441,0.45249594488654843,0.13886222584151486
7451,0.45249822564040443,0.13885982381352147
7461,0.452500501787382,0.13885742660670974
7471,0.4525027733429523,0.13885503420496992
7481,0.4525050403225137,0.13885264659226682
7491,0.45250730274139084,0.13885026375264164
7501,0.45250956061483816,0.13884788567020845
7511,0.4525118139580391,0.13884551232915676
7521,0.45251406278610506,0.13884314371374717
7531,0.4525163071140774,0.13884077980831577
7541,0.45251854695692817,0.13883842059727058
7551,0.45252078232955917,0.1388360660650907
7561,0.452523013246803,0.1388337161963289
7571,0.45252523972342384,0.13883137097560727
7581,0.4525274617741166,0.13882903038762073
7591,0.45252967941350963,0.13882669441713258
7601,0.4525318926561628,0.13882436304897716
7611,0.45253410151656936,0.1388220362680599
7621,0.4525363060091552,0.13881971405935367
7631,0.4525385061482803,0.1388173964078998
7641,0.45254070194823814,0.13881508329880976
7651,0.4525428934232565,0.1388127747172616
7661,0.45254508058750087,0.13881047064850183
7671,0.4525472634550667,0.13880817107784438
7681,0.4525494420399898,0.13880587599066896
7691,0.45255161635623953,0.13880358537242277
7701,0.45255378641772115,0.13880129920861872
7711,0.4525559522382787,0.1387990174848337
7721,0.4525581138316923,0.13879674018671384
7731,0.4525602712116772,0.13879446729996658
7741,0.45256242439189087,0.13879219881036509
7751,0.45256457338592604,0.13878993470374734
7761,0.4525667182073141,0.1387876749660144
7771,0.452568858869526,0.1387854195831304
7781,0.45257099538597156,0.13878316854112338
7791,0.45257312777,0.1387809218260836
7801,0.4525752560349021,0.13877867942416344
7811,0.45257738019390636,0.13877644132157751
7821,0.45257950026018356,0.13877420750460256
7831,0.452581616246845,0.13877197795957574
7841,0.45258372816694425,0.13876975267289549
7851,0.4525858360334736,0.13876753163102062
7861,0.45258793985937107,0.13876531482047127
7871,0.4525900396575153,0.13876310222782529
7881,0.4525921354407263,0.1387608938397218
7891,0.4525942272217689,0.13875868964285765
7901,0.4525963150133512,0.1387564896239919
7911,0.45259839882812347,0.13875429376993687
7921,0.45260047867868103,0.13875210206756705
7931,0.45260255457756315,0.1387499145038147
7941,0.452604626537255,0.13874773106566707
7951,0.452606694570183,0.13874555174017011
7961,0.4526087586887231,0.1387433765144266
7971,0.4526108189051943,0.13874120537559698
7981,0.45261287523186144,0.13873903831089596
7991,0.45261492768093614,0.13873687530759504
8001,0.45261697626457664,0.1387347163530217
8011,0.45261902099488704,0.13873256143455848
8021,0.45262106188391993,0.13873041053964208
8031,0.4526230989436737,0.13872826365576518
8041,0.45262513218609435,0.13872612077047464
8051,0.45262716162307726,0.1387239818713697
8061,0.4526291872664654,0.13872184694610556
8071,0.45263120912804844,0.13871971598238986
8081,0.4526332272195681,0.13871758896798347
8091,0.45263524155271284,0.1387154658907006
8101,0.4526372521391213,0.13871334673840696
8111,0.4526392589903807,0.13871123149902154
8121,0.45264126211803024,0.13870912016051573
8131,0.4526432615335576,0.13870701271091157
8141,0.45264525724840166,0.1387049091382817
8151,0.4526472492739515,0.13870280943075297
8161,0.4526492376215474,0.13870071357650016
8171,0.45265122230248167,0.13869862156374957
8181,0.45265320332799686,0.13869653338077903
8191,0.45265518070928934,0.1386944490159152
8201,0.452657154457504,0.13869236845753274
8211,0.452659124583743,0.13869029169406044
8221,0.4526610910990563,0.13868821871397152
8231,0.45266305401445095,0.13868614950579072
8241,0.4526650133408827,0.13868408405809074
8251,0.4526669690892655,0.138682022359494
8261,0.45266892127046265,0.13867996439866825
8271,0.4526708698952948,0.13867791016433273
8281,0.4526728149745338,0.1386758596452502
8291,0.452674756518908,0.13867381283023494
8301,0.4526766945390994,0.13867176970814477
8311,0.45267862904574496,0.1386697302678872
8321,0.4526805600494379,0.1386676944984151
8331,0.4526824875607245,0.13866566238872657
8341,0.4526844115901092,0.13866363392786774
8351,0.4526863321480503,0.13866160910493086
8361,0.45268824924496354,0.13865958790905086
8371,0.4526901628912192,0.13865757032941062
8381,0.45269207309714776,0.1386555563552383
8391,0.4526939798730325,0.1386535459758047
8401,0.452695883229115,0.13865153918042772
8411,0.45269778317559606,0.13864953595846785
8421,0.45269967972263103,0.1386475362993309
8431,0.4527015728803345,0.1386455401924671
8441,0.45270346265877937,0.13864354762736752
8451,0.45270534906799575,0.1386415585935703
8461,0.45270723211797304,0.13863957308065444
8471,0.4527091118186579,0.13863759107824158
8481,0.45271098817995803,0.13863561257599955
8491,0.4527128612117375,0.13863363756363523
8501,0.4527147309238213,0.13863166603089816
8511,0.45271659732599456,0.1386296979675823
8521,0.4527184604279997,0.13862773336352063
8531,0.4527203202395418,0.13862577220859063
8541,0.45272217677028426,0.1386238144927079
8551,0.4527240300298505,0.13862186020583245
8561,0.45272588002782754,0.1386199093379643
8571,0.45272772677375883,0.13861796187914255
8581,0.45272957027715144,0.13861601781944888
8591,0.45273141054747335,0.1386140771490041
8601,0.45273324759415257,0.13861213985797072
8611,0.4527350814265816,0.1386102059365495
8621,0.45273691205411115,0.138608275374982
8631,0.4527387394860565,0.1386063481635489
8641,0.4527405637316946,0.1386044242925708
8651,0.4527423848002625,0.13860250375240568
8661,0.4527442027009627,0.1386005865334523
8671,0.4527460174429603,0.13859867262614678
8681,0.45274782903538124,0.13859676202096605
8691,0.4527496374873152,0.1385948547084217
8701,0.4527514428078181,0.13859295067906707
8711,0.45275324500590486,0.13859104992349103
8721,0.45275504409055767,0.1385891524323215
8731,0.4527568400707205,0.13858725819622197
8741,0.4527586329553026,0.13858536720589676
8751,0.45276042275317696,0.13858347945208305
8761,0.4527622094731809,0.13858159492555888
8771,0.4527639931241181,0.13857971361713695
8781,0.452765773714753,0.13857783551766634
8791,0.45276755125382007,0.13857596061803346
8801,0.4527693257500145,0.13857408890916112
8811,0.45277109721200137,0.13857222038200678
8821,0.4527728656484058,0.13857035502756432
8831,0.45277463106782356,0.138568492836864
8841,0.45277639347881404,0.13856663380097167
8851,0.452778152889902,0.13856477791098687
8861,0.452779909309581,0.13856292515804558
8871,0.4527816627463084,0.1385610755333193
8881,0.45278341320850934,0.13855922902801154
8891,0.4527851607045754,0.13855738563336306
8901,0.45278690524286613,0.1385555453406475
8911,0.4527886468317055,0.13855370814117585
8921,0.4527903854793882,0.13855187402628744
8931,0.45279212119417345,0.13855004298736073
8941,0.4527938539842902,0.13854821501580616
8951,0.4527955838579327,0.13854639010306613
8961,0.45279731082326524,0.13854456824061856
8971,0.4527990348884199,0.13854274941997335
8981,0.45280075606149595,0.13854093363267417
8991,0.45280247435056253,0.13853912087029752
9001,0.452804189763655,0.13853731112445278
9011,0.45280590230878026,0.13853550438678042
9021,0.4528076119939115,0.13853370064895465
9031,0.4528093188269926,0.13853189990268167
9041,0.4528110228159363,0.13853010213970052
9051,0.4528127239686244,0.13852830735178046
9061,0.45281442229290736,0.1385265155307236
9071,0.45281611779660746,0.13852472666836402
9081,0.4528178104875149,0.13852294075656602
9091,0.4528195003733888,0.13852115778722585
9101,0.45282118746196254,0.13851937775227086
9111,0.45282287176093483,0.13851760064365948
9121,0.45282455327797866,0.13851582645338123
9131,0.45282623202073413,0.13851405517345494
9141,0.4528279079968156,0.1385122867959323
9151,0.45282958121380457,0.13851052131289343
9161,0.45283125167925675,0.13850875871644863
9171,0.4528329194006959,0.1385069989987393
9181,0.45283458438562096,0.13850524215193705
9191,0.452836246641497,0.13850348816824187
9201,0.45283790617576525,0.138501737039884
9211,0.4528395629958366,0.13849998875912384
9221,0.45284121710909364,0.13849824331825022
9231,0.45284286852289135,0.1384965007095822
9241,0.4528445172445563,0.1384947609254663
9251,0.4528461632813885,0.13849302395827845
9261,0.4528478066406585,0.13849128980042558
9271,0.4528494473296103,0.13848955844433952
9281,0.45285108535546126,0.13848782988248498
9291,0.4528527207253994,0.13848610410734974
9301,0.45285435344658787,0.13848438111145445
9311,0.4528559835261614,0.1384826608873464
9321,0.45285761097122723,0.13848094342759953
9331,0.45285923578886944,0.13847922872481622
9341,0.45286085798614106,0.13847751677162812
9351,0.45286247757007114,0.13847580756069267
9361,0.4528640945476621,0.13847410108469482
9371,0.45286570892588873,0.13847239733634886
9381,0.4528673207117011,0.13847069630839215
9391,0.4528689299120243,0.13846899799359313
9401,0.4528705365337551,0.13846730238474603
9411,0.452872140583767,0.1384656094746699
9421,0.4528737420689044,0.13846391925621315
9431,0.45287534099599114,0.13846223172224903
9441,0.4528769373718209,0.13846054686567744
9451,0.452878531203166,0.13845886467942492
9461,0.45288012249677045,0.13845718515644467
9471,0.45288171125935595,0.13845550828971387
9481,0.4528832974976167,0.1384538340722381
9491,0.4528848812182247,0.13845216249704606
9501,0.45288646242782615,0.13845049355719574
9511,0.4528880411330425,0.13844882724576646
9521,0.4528896173404702,0.13844716355586595
9531,0.4528911910566835,0.13844550248062593
9541,0.45289276228823105,0.13844384401320387
9551,0.45289433104163734,0.1384421881467821
9561,0.45289589732340296,0.13844053487456698
9571,0.4528974611400045,0.13843888418979144
9581,0.4528990224978964,0.13843723608571246
9591,0.4529005814035072,0.13843559055561006
9601,0.4529021378632434,0.13843394759279093
9611,0.45290369188348745,0.13843230719058486
9621,0.45290524347059957,0.1384306693423456
9631,0.45290679263091604,0.13842903404145268
9641,0.45290833937074915,0.13842740128130782
9651,0.45290988369638985,0.1384257710553376
9661,0.452911425614106,0.1384241433569917
9671,0.4529129651301407,0.1384225181797447
9681,0.4529145022507173,0.13842089551709424
9691,0.4529160369820353,0.13841927536256016
9701,0.45291756933027116,0.13841765770968806
9711,0.4529190993015799,0.1384160425520431
9721,0.45292062690209445,0.13841442988321795
9731,0.4529221521379245,0.13841281969682573
9741,0.4529236750151586,0.13841121198650264
9751,0.4529251955398639,0.13840960674590796
9761,0.45292671371808435,0.1384080039687241
9771,0.45292822955584366,0.13840640364865564
9781,0.45292974305914235,0.13840480577942937
9791,0.4529312542339605,0.1384032103547952
9801,0.45293276308625785,0.1384016173685252
9811,0.45293426962197003,0.13840002681441277
9821,0.4529357738470132,0.13839843868627533
9831,0.45293727576728227,0.1383968529779498
9841,0.45293877538865157,0.13839526968329618
9851,0.45294027271697246,0.13839368879619673
9861,0.45294176775807937,0.13839211031055498
9871,0.4529432605177819,0.13839053422029668
9881,0.4529447510018709,0.1383889605193671
9891,0.452946239216117,0.13838738920173554
9901,0.45294772516626836,0.1383858202613899
9911,0.45294920885805645,0.13838425369234209
9921,0.4529506902971896,0.13838268948862265
9931,0.4529521694893557,0.13838112764428523
9941,0.45295364644022484,0.13837956815340213
9951,0.452955121155445,0.13837801101006875
9961,0.45295659364064544,0.1383764562084
9971,0.452958063901435,0.13837490374253125
9981,0.452959531943403,0.13837335360661918
9991,0.4529609977721192,0.13837180579483999
