index,left,right,weyl_a,weyl_b,weyl_c,nearest_index,nearest_distance,match
0,3179,3320,0.530527439807015,0.1851154007214046,0.0,4409,1.0576194100081788,False
1,3454,3475,0.4860747298846668,0.43649252326157967,0.0,4443,1.012115451455155,False
2,1264,884,0.645333112390154,0.26641426362413045,0.0,4725,1.000386927396167,False
3,3837,1767,0.4477351573631161,0.41931820301474265,0.0,4418,1.0021419521725528,False
4,594,2502,0.7673870317992275,0.367076369544045,0.0,4467,1.0152378419991028,False
5,2479,2027,0.4986773486033531,0.43259816204845425,0.0,4467,1.2041789981882665,False
6,4056,4226,0.5833565772642562,0.568610062878067,0.0,4440,1.0182399375382096,False
7,2324,2836,0.5502371819064029,0.4373878391785183,0.0,4384,1.0121752189923776,False
8,812,1451,0.6809567171415791,0.18626100591400924,0.0,4467,1.0875863233458836,False
9,4623,4669,0.6311305650751011,0.5975217424994976,0.0,4440,1.0611560857124527,False
10,2407,552,0.4415894494135273,0.38784034431816555,0.0,4542,1.000276308273336,False
11,1282,3050,0.7248238654776618,0.5269757356233358,0.0,4438,1.0747317363965494,False
12,3612,3866,0.7407481165492067,0.5731818187281701,0.0,4412,1.0012551223463115,False
13,481,1289,0.6978307591059414,0.5892961531379377,0.0,4406,1.0503551667753945,False
14,3263,502,0.7176506758687777,0.42240791768076236,0.0,4467,1.0810470430309305,False
15,1335,3573,0.7307633294541072,0.34479606931838147,0.0,4409,1.0090886939433041,False
16,3315,887,0.7266531550154838,0.48730428867575837,0.0,4438,1.0052261762841868,False
17,3364,4910,0.5317399764969952,0.39947563653729334,0.0,4516,1.0008931937954462,False
18,1095,357,0.7578179232930085,0.49287823923041274,0.0,4407,1.0433895861300555,False
19,752,560,0.6466984582693307,0.2579804207920683,0.0,4819,1.0008941426007372,False
20,1862,771,0.7136794146711098,0.5756475436803925,0.0,4406,1.0134375253970205,False
21,1270,3699,0.7441930328218174,0.5734517608453887,0.0,4509,1.0032656691486856,False
22,3477,1122,0.7525822811042726,0.4357204383984612,0.0,1751,1.000077761761389,False
23,1969,3341,0.6171819503336602,0.4555815790455835,0.0,4410,1.006256815812898,False
24,939,1479,0.764568866581576,0.14121224348903078,0.0,4506,1.0254550293165832,False
25,3409,4845,0.722929346619404,0.39032610302296245,0.0,4467,1.0352432456952234,False
26,2482,4326,0.37681919707710243,0.33987198352318754,0.0,4396,1.0036613659897526,False
27,3129,2564,0.686159168587614,0.3117401417365018,0.0,4548,1.0024575445782977,False
28,856,1304,0.6470025849115562,0.4459127373090873,0.0,4467,1.07904303508261,False
29,3829,4434,0.68782346213544,0.39779460328028815,0.0,4436,1.1471373869816048,False
30,2535,3322,0.6420683567271563,0.571543987593181,0.0,4384,1.0782734172324826,False
31,2288,2852,0.5651539720373684,0.4980613860005968,0.0,4471,1.025545244530919,False
32,4035,159,0.5156767502845367,0.3651536344628394,0.0,4418,1.001060322955314,False
33,4649,205,0.782829458215403,0.41490665704217033,0.0,4367,1.026158743531164,False
34,399,1470,0.6921688726372297,0.5667306723666231,0.0,4370,1.0033158673347802,False
35,3418,1318,0.7647733840800042,0.6844620933537433,0.0,4406,1.0852356762072,False
36,3823,4881,0.7435511121099658,0.3730774858958774,0.0,4467,1.0799790609981295,False
37,1411,3925,0.6821110481834243,0.6306730169691184,0.0,4441,1.0125575344295292,False
38,3286,4776,0.5671524711301554,0.4482808838226535,0.0,4436,1.0228709477193034,False
39,2420,4363,0.6977327482296554,0.6069778562063362,0.0,4473,1.006023040229025,False
40,3842,3202,0.7808948097564095,0.6072621297435923,0.0,4407,1.052548863463194,False
41,3474,688,0.7515667404000785,0.5293206858078845,0.0,4436,1.0226368745649008,False
42,2604,440,0.6411720348097028,0.4597102330812918,0.0,4407,1.0168906934103525,False
43,2706,3608,0.34356039512457226,0.19504649500676124,0.0,4336,1.000046010959085,False
44,427,858,0.7585222463207124,0.4714778706572229,0.0,4408,1.0095380871031034,False
45,2234,1953,0.5123006780696615,0.3458888390388175,0.0,4413,1.0020249693662735,False
46,485,1839,0.7514451992516316,0.5495026962631477,0.0,4408,1.020407239977219,False
47,849,3246,0.6806767062795629,0.5826257046425766,0.0,4385,1.0172973419461577,False
48,4661,547,0.483645145147344,0.4434441491275037,0.0,4385,1.0217107270897627,False
49,3427,4772,0.6478684512358148,0.14770863857667382,0.0,4436,1.0406801159254373,False
50,657,4291,0.4535783954339587,0.3187004742459524,0.0,4412,1.0008359480189541,False
51,1364,443,0.5081224255670813,0.35206267106519445,0.0,4467,1.1500425818037205,False
52,3755,1088,0.607303328557439,0.5894324493229243,0.0,4384,1.0546299590084045,False
53,3630,1193,0.6657177520539141,0.1660001904334825,0.0,4407,1.0070152577707896,False
54,1360,3216,0.6320108135240865,0.2549841042525229,0.0,4467,1.1298508990716791,False
55,3630,1565,0.627769511888963,0.31215298048142104,0.0,4410,1.0026967610377175,False
56,3259,4531,0.6988114825783072,0.4832671244889604,0.0,4384,1.0082324483784666,False
57,506,4501,0.5124718300449906,0.35985890544115834,0.0,4467,1.1398330416125528,False
58,3863,2457,0.3319536615264811,0.27983806475147704,0.0,4414,1.0004209337160728,False
59,173,2226,0.7765405865988191,0.6184865360467505,0.0,4384,1.0631805044787679,False
60,95,1750,0.5827448264837445,0.24386327118562245,0.0,4467,1.106577860263333,False
61,4705,1072,0.7556925954478277,0.5997183672176796,0.0,4436,1.0338414139925531,False
62,4718,58,0.6343467471510644,0.43688220816641443,0.0,4407,1.0661402163213318,False
63,745,1977,0.4290646879531943,0.2719717081635376,0.0,4376,1.0001583321269067,False
64,2028,1563,0.6551953217840767,0.3564081560753607,0.0,4385,1.026813338516951,False
65,2559,307,0.592177227473953,0.3867418952770555,0.0,4385,1.008745995810833,False
66,2674,1539,0.5289931940104662,0.40851289065199975,0.0,4440,1.0098392436047599,False
67,2743,771,0.7786543662129377,0.6518865267911017,0.0,4407,1.0643590040119746,False
68,4605,1653,0.7563732976915123,0.5891115696753071,0.0,4408,1.0688280901112674,False
69,4092,2069,0.596118752707266,0.492645738906007,0.0,4437,1.0131391432641608,False
70,2878,4695,0.7558910663832865,0.626793901493198,0.0,4408,1.052787006640942,False
71,3647,646,0.6422275832699009,0.4344384158394655,0.0,4436,1.11404370959283,False
72,2228,779,0.7220665813557687,0.49330563162499524,0.0,4384,1.0166908307707947,False
73,809,2580,0.6522294244790547,0.5901359052515038,0.0,4467,1.164748489336565,False
74,3735,4291,0.5692065876483374,0.42696827108134516,0.0,4409,1.0115286890173627,False
75,3989,3051,0.7545203717003526,0.6794942391881246,0.0,4408,1.0833193774348093,False
76,1830,3888,0.6009309550976543,0.34752659025265925,0.0,4436,1.0989020299054737,False
77,1959,245,0.7755802215967851,0.25325088824690956,0.0,4501,1.0000458491513062,False
78,4668,154,0.7336269248019542,0.4822657062836601,0.0,4384,1.033311666822485,False
79,2766,2913,0.6264610477420813,0.49338666827568245,0.0,4439,1.005343546323807,False
80,165,79,0.7760445882966902,0.5311318487980206,0.0,4384,1.0452818616445363,False
81,1788,1503,0.7645085517147736,0.6109748208973966,0.0,4410,1.0714514402914965,False
82,4085,1050,0.7616612270801966,0.42986740086895486,0.0,4384,1.0182852074458002,False
83,2967,1356,0.7367672642297727,0.5358318790573258,0.0,4467,1.0068747889457397,False
84,527,773,0.7707627403742361,0.5242938128283845,0.0,4438,1.0068901990615973,False
85,3782,578,0.44193710869116565,0.4182081295571824,0.0,4357,1.0116387439657073,False
86,2059,2768,0.6509554199363476,0.4393895735335618,0.0,4438,1.1526854929570507,False
87,2153,3334,0.7214047598295412,0.6476536540204325,0.0,4410,1.104579493805114,False
88,452,2505,0.6747441529990867,0.43072673006610007,0.0,4384,1.0053103863400519,False
89,1984,2611,0.6026740316411328,0.5462311530316275,0.0,4434,1.0400949785108682,False
90,1494,4669,0.7083017081676033,0.6409777387939232,0.0,4407,1.03411070760778,False
91,3441,2697,0.7215167985753235,0.6091429342664516,0.0,4384,1.021884204027031,False
92,3004,487,0.6107963547174773,0.27372017687096195,0.0,4467,1.125092501318209,False
93,2250,4021,0.7339679665221297,0.6312567023225693,0.0,4408,1.0531767778738528,False
94,1014,36,0.7117477485170722,0.42346214534431825,0.0,4407,1.065266531150746,False
95,2480,3178,0.7048677375812851,0.45376586248092665,0.0,4436,1.134786973243843,False
96,4198,118,0.5337676907893796,0.47264494802014473,0.0,4604,1.0039058172670696,False
97,2355,3977,0.5857800937578199,0.47568185848320965,0.0,4563,1.0008820945153976,False
98,4076,267,0.7102223188757018,0.29972936629127855,0.0,4407,1.0087633084249736,False
99,4957,3741,0.6265078085320122,0.5186225223632156,0.0,4436,1.0833962626459215,False
100,248,130,0.5409029049781937,0.27727146635274436,0.0,4438,1.0012956941858284,False
101,2304,1628,0.7698542002066242,0.4619051869078327,0.0,4384,1.0020048487160254,False
102,2948,3885,0.6210012148192012,0.4384655205815542,0.0,4444,1.0017911058006241,False
103,3942,2661,0.6411053023785849,0.508728495942398,0.0,4384,1.052684994926083,False
104,3837,4800,0.4344782060145409,0.3865923611563222,0.0,4563,1.0033996445699385,False
105,2582,4907,0.7373082751432074,0.4453698957056654,0.0,4467,1.0562171643607938,False
106,2164,2244,0.6446053366503648,0.24512862144161449,0.0,4436,1.0335891474927807,False
107,633,4980,0.5013959520372433,0.46484342587836375,0.0,4384,1.0199127932011507,False
108,3008,4872,0.5614465346702433,0.3491311579970124,0.0,4354,1.000421263800705,False
109,2509,787,0.6404000234292342,0.5823337491710883,0.0,4436,1.1335937129449023,False
110,4345,2992,0.6032967861707457,0.39021256838553176,0.0,4385,1.0063278238642255,False
111,4921,1506,0.6782351599764516,0.44126710536213254,0.0,2551,1.0001253074270922,False
112,3434,1063,0.6958569207115266,0.6048871511085981,0.0,4434,1.0167293995843698,False
113,594,64,0.6770251429624645,0.3698923479958297,0.0,4436,1.0074217243817793,False
114,3938,1284,0.7372834415292306,0.4301736792134099,0.0,4407,1.0020269872175886,False
115,4370,31,0.6529498462792569,0.3828144703489553,0.0,4438,1.045812173421444,False
116,1432,3894,0.6189766635033394,0.5313581349017332,0.0,4406,1.0219936188143177,False
117,2442,3571,0.5644203508697494,0.4220349615044994,0.0,243,1.0002275024291238,False
118,2538,3400,0.7216348761683795,0.6255007374624568,0.0,4410,1.093233905255296,False
119,620,3269,0.7042834607472503,0.48054804671974505,0.0,4436,1.054695921046036,False
120,3825,1530,0.4327115039675018,0.41878368506014974,0.0,4385,1.0120714176597998,False
121,2022,4217,0.6495029731649593,0.35326474636027727,0.0,4407,1.0119898523048807,False
122,2208,4538,0.7120407192286207,0.5898692903878041,0.0,4441,1.0142850873168157,False
123,2726,1099,0.7558772525687534,0.5297798559946665,0.0,4385,1.0034598185117662,False
124,3912,762,0.6111083832812767,0.38397648246368987,0.0,4413,1.0057147272609972,False
125,1671,3089,0.4183821711073197,0.3859201415925844,0.0,4467,1.1569856680432498,False
126,1832,1744,0.5864389101931966,0.5314209635356019,0.0,4441,1.0067036812706,False
127,3102,2243,0.5206040398070542,0.468029160869774,0.0,4440,1.0136261223920313,False
128,550,1063,0.7618432309224747,0.6170465015017331,0.0,4407,1.0176784327430746,False
129,3321,3636,0.6796357480230579,0.5111962150680545,0.0,4407,1.0493347499770078,False
130,2754,391,0.5009349528757756,0.4143707534782141,0.0,4410,1.0079746419086486,False
131,2772,2874,0.6741749057964093,0.16998120030292557,0.0,4409,1.0018590113430856,False
132,3919,1588,0.6550327284721016,0.5334541347757163,0.0,4440,1.0464753812615946,False
133,2377,1875,0.6271720218916848,0.4301075217670828,0.0,4408,1.0117849461151551,False
134,277,4958,0.6323546617107265,0.47323142039092614,0.0,4410,1.042165430427553,False
135,1519,1637,0.761715703317444,0.6382723808824452,0.0,4438,1.01800544512892,False
136,2907,3327,0.6235990621713015,0.449187565630129,0.0,4407,1.0060909588777132,False
137,1288,4682,0.6989129804989442,0.5013794169016623,0.0,4384,1.0170287755400376,False
138,1453,1185,0.7010449551286513,0.4933642858707821,0.0,4410,1.0017021629933471,False
139,790,2209,0.6811025429204713,0.547871194390756,0.0,4384,1.0749725216846695,False
140,1944,4367,0.6106435258305014,0.5307730179696986,0.0,4467,1.0493924667899532,False
141,1323,4462,0.725645715463676,0.39139399043425915,0.0,4436,1.1379633618110585,False
142,1213,263,0.6265263410355599,0.5033164631552057,0.0,4410,1.0114858794732282,False
143,4179,1773,0.5651501839726389,0.41961327043374774,0.0,4528,1.0001189271155662,False
144,2695,1540,0.6389210022628715,0.30076605182861393,0.0,4384,1.0048854121780002,False
145,375,1283,0.6943212670437626,0.5491723659548927,0.0,4407,1.0121319815472896,False
146,1465,4948,0.7314847017192792,0.39665408027163807,0.0,4367,1.0573201728953785,False
147,2517,626,0.6856706700071484,0.4255908192292165,0.0,4407,1.11385685722731,False
148,3176,3010,0.48857815272359506,0.45651247864213695,0.0,4467,1.2032585956435662,False
149,1202,918,0.5025311669087262,0.42415401178271456,0.0,4662,1.000656238793345,False
150,1906,4754,0.7114832217395781,0.5920477101872957,0.0,4408,1.0711321105197877,False
151,3896,4143,0.7577817158400881,0.4781340756886427,0.0,4407,1.0561543096713897,False
152,4274,3653,0.7187719402694848,0.3948264382550163,0.0,4384,1.0057713506807147,False
153,1137,671,0.7787517410120541,0.6088602495947398,0.0,4408,1.0700227649452685,False
154,3917,3716,0.660407118320065,0.418340597200084,0.0,4467,1.047601060731545,False
155,2605,2293,0.7330699312164839,0.40722981699618455,0.0,4467,1.102944536945282,False
156,3271,787,0.7128457983109673,0.6189889773558163,0.0,4384,1.0879086001661287,False
157,1216,4690,0.6197414474390239,0.5324073185116003,0.0,4436,1.016377354115951,False
158,1945,3035,0.7609635527819787,0.5591391069645243,0.0,4384,1.0041876502032272,False
159,4146,98,0.7830496901232609,0.4470745090150685,0.0,4467,1.0228763915301253,False
160,3497,493,0.776661957419762,0.454910974523003,0.0,4407,1.0045691035085478,False
161,1185,35,0.5977660779055327,0.44672371782960707,0.0,4439,1.0074628855889285,False
162,61,1299,0.6596262604636252,0.5989225002260596,0.0,4436,1.0876206591508506,False
163,2605,3057,0.40344050728352165,0.36729891628271727,0.0,4324,1.2401280753394557,False
164,4698,1590,0.6361927335924289,0.3466915487144182,0.0,4367,1.0115521685354774,False
165,3868,3494,0.4717440893883058,0.280551001166893,0.0,4357,1.0049624327295403,False
166,3664,2661,0.7545843398464118,0.5017340083804114,0.0,4407,1.0568083672845419,False
167,4998,4454,0.7622525748673645,0.5166645523944103,0.0,4385,1.0071780814706373,False
168,2856,4339,0.6134706820846523,0.5706969397500454,0.0,4406,1.0098944042054352,False
169,3874,4492,0.582414362797425,0.46694503525508024,0.0,4410,1.012034535534131,False
170,3781,3807,0.7205125912022003,0.5731032596192341,0.0,4384,1.1032601616986606,False
171,179,422,0.440341807911544,0.17956487297257756,0.0,3801,1.0001282728706609,False
172,4564,3354,0.7180826640880014,0.4239956710788488,0.0,4386,1.0864914139543225,False
173,1585,3705,0.5143790654425571,0.3684039557098246,0.0,3843,1.0007294643122815,False
174,4293,4976,0.5620254260530828,0.29656501036401095,0.0,4526,1.00013425744851,False
175,663,3835,0.7852076231768397,0.6628681990177152,0.0,4408,1.0742200800108,False
176,1577,4640,0.6997155504960579,0.29238257062305606,0.0,4513,1.0007440416857838,False
177,3148,1009,0.6482066495135141,0.4781682700020413,0.0,4407,1.1452543481335975,False
178,1270,61,0.7253367628486682,0.45756506146939246,0.0,4506,1.0118636750399976,False
179,4334,4442,0.759831840041775,0.6369105445949066,0.0,4384,1.123202876100118,False
180,3976,291,0.40107671956485724,0.33960514097416694,0.0,4440,1.0016230958833903,False
181,3433,489,0.6458163114388391,0.39164018309159726,0.0,4407,1.0356529077951462,False
182,712,3372,0.7437101229397491,0.20735897404099785,0.0,4506,1.0296018102398874,False
183,3934,3603,0.3913282909229556,0.3730088109564011,0.0,4443,1.0064416818962847,False
184,2190,3376,0.718375709980922,0.31310660791458267,0.0,4384,1.0443459645942808,False
185,4261,1785,0.5633965023736396,0.46005351991394505,0.0,4406,1.002063000913966,False
186,3039,4687,0.5384743465543629,0.24888220469971045,0.0,4467,1.2019098978247276,False
187,744,4959,0.40534831185979936,0.29531604013682544,0.0,4339,1.0000302422299119,False
188,1580,3432,0.7653903682241072,0.42985996220425293,0.0,4408,1.0142515573825759,False
189,1897,3186,0.6319718645226962,0.38161787417051374,0.0,4506,1.0108583263560618,False
190,2459,309,0.41780525521881096,0.329078359971969,0.0,4143,1.0000509090302403,False
191,4547,1805,0.757858833023894,0.5667084081313901,0.0,4384,1.0493621524973882,False
192,4933,4997,0.422026796807609,0.40345169021819804,0.0,4475,1.0036604113463237,False
193,1619,1414,0.688188322259804,0.4547627603665894,0.0,4407,1.092951485665905,False
194,919,3002,0.7794055520548477,0.512043793174659,0.0,4406,1.0462927078209057,False
195,3644,4731,0.5790109256665739,0.5700953185799785,0.0,4408,1.0427677242932731,False
196,1390,2639,0.5589651264799524,0.1600716481008878,0.0,4506,1.17749762050368,False
197,2900,4627,0.5099704373390308,0.3374187979678708,0.0,4852,1.0001910935789038,False
198,4858,125,0.5352712975727263,0.42173081806591656,0.0,4555,1.0028331333506664,False
199,2093,4280,0.5196770902799877,0.3820288355799679,0.0,4369,1.0021233524828157,False
200,4463,4390,0.4560738426641846,0.42732377581621317,0.0,4467,1.2029194465062252,False
201,2996,2118,0.6420867660608289,0.47828515340377853,0.0,4510,1.0005352164280967,False
202,2716,1765,0.6590865396630088,0.47591772899678814,0.0,4436,1.0470663129700446,False
203,2077,1426,0.6529050851496381,0.3478697628373636,0.0,4407,1.0153299406377305,False
204,3324,3919,0.7061780198546765,0.5849971774450682,0.0,4384,1.035848216901713,False
205,2500,4783,0.7543374065692134,0.37264136459231345,0.0,4436,1.069369137509233,False
206,171,2365,0.6223322031628262,0.18851103239346015,0.0,4436,1.0134202783636383,False
207,3384,4996,0.7010662396462459,0.3640934579033209,0.0,4386,1.0168913728226134,False
208,4915,2339,0.5966343792181288,0.5662810252255759,0.0,4473,1.0044665760143052,False
209,2990,1079,0.6297266547818268,0.5337441488911068,0.0,4408,1.0303714309327427,False
210,313,2923,0.49850828667557856,0.2971040519791461,0.0,4367,1.0098571023594123,False
211,4152,655,0.6218746954241299,0.5209490640055919,0.0,4440,1.0165803691985,False
212,4982,925,0.5588685601936794,0.3473829689137925,0.0,4515,1.0022045421606307,False
213,3364,1058,0.7139756480492654,0.5432156492155046,0.0,4406,1.06121324228651,False
214,2944,4883,0.6165978858505934,0.3301114103218364,0.0,4384,1.0098976125632038,False
215,1821,166,0.7228753867223636,0.4553050807113273,0.0,4407,1.0465514159576323,False
216,483,3225,0.49957611175857775,0.35464677643671827,0.0,4467,1.1512969915119642,False
217,3650,2724,0.7441490811358822,0.18551331769711177,0.0,4506,1.0895696634380212,False
218,473,1765,0.6891787784652301,0.34696936988286287,1.1102230246251565e-16,4467,1.047506234316114,False
219,1391,3443,0.7591310655627383,0.201685641139687,0.0,4436,1.0239013799071595,False
220,2364,1719,0.6520503351907259,0.6163735734422631,0.0,4440,1.0210780403279922,False
221,4661,1090,0.6845545398844459,0.639399037356425,0.0,4407,1.0564693542297923,False
222,4680,3078,0.6074214913304834,0.578767376446402,0.0,4434,1.026199564021405,False
223,2825,4721,0.648931671378195,0.3372295100390043,0.0,4407,1.0160703219646385,False
224,85,4457,0.6343305339464349,0.3450456191501332,0.0,4393,1.0002578738951695,False
225,2871,4714,0.6455373465137075,0.6444035827667608,0.0,4437,1.0386459637585808,False
226,4929,1092,0.6901280306408131,0.3278900410609349,0.0,4548,1.002347850078727,False
227,3260,4197,0.5796777199962904,0.47903442860838635,0.0,4467,1.0000882048744244,False
228,4545,3607,0.5315785837653273,0.42631642261454816,0.0,4375,1.0005471066338107,False
229,1819,2844,0.6945647572015545,0.5648609228539399,0.0,4409,1.036958584096656,False
230,2422,4581,0.5778534341976664,0.5036833491295497,0.0,4374,1.001966072835284,False
231,431,862,0.760526562146838,0.47690027531526114,0.0,4409,1.025306658837527,False
232,2861,1333,0.5491541326186624,0.5034666958557918,0.0,4467,1.1276352053970913,False
233,4963,3253,0.6889875513460986,0.5729192681671041,0.0,4406,1.0117770208661003,False
234,2010,42,0.7418928738379158,0.3908681231091231,0.0,4438,1.0997016753118183,False
235,3192,1863,0.5973646566760653,0.3947833474671431,0.0,4384,1.009455775395788,False
236,1226,673,0.7484484913423941,0.3792472692807872,0.0,3260,1.0000072912808375,False
237,386,4585,0.6943901188566155,0.4070011978921598,0.0,4407,1.011305382426621,False
238,2783,872,0.6170939695419282,0.4558117148998065,0.0,4408,1.0368519891476031,False
239,4641,3996,0.543447887178302,0.46663504603238204,0.0,4444,1.0106846146527069,False
240,2297,1563,0.5657012839831737,0.387892512974758,0.0,4434,1.0012461142253724,False
241,4364,180,0.5023499870399286,0.39565468728968556,0.0,4443,1.0073190087705175,False
242,4310,3927,0.7168860850957497,0.4891624750686942,0.0,4434,1.0024021932666158,False
243,158,4141,0.7126219507249258,0.4259895670726583,0.0,4384,1.0328937026825242,False
244,2829,1309,0.6548145407638675,0.6416389127144551,0.0,4408,1.0308444894071245,False
245,2483,1089,0.7385726916896562,0.2810422869334607,0.0,4467,1.0291416870714822,False
246,702,4790,0.7300673756237277,0.5032254153220943,0.0,4467,1.002572361325923,False
247,4428,4530,0.719046267867256,0.2701405083447486,0.0,4546,1.0159339770171683,False
248,1561,1577,0.5375544276783728,0.2923823057949645,0.0,1109,1.0000094302625577,False
249,4455,1219,0.5278110579608679,0.36519537142945935,0.0,4388,1.0034451330049643,False
250,1249,868,0.5689805375757642,0.3207801378370069,0.0,3222,1.0000983587793462,False
251,4196,3643,0.6416951633518071,0.40850749004781417,0.0,4715,1.000288193200141,False
252,4989,3890,0.6996614782442867,0.5697254156750553,0.0,4436,1.0153091274291184,False
253,187,4842,0.7058847641833506,0.2794567082405593,0.0,4467,1.0317064081360314,False
254,535,1753,0.6598511344245086,0.5616017727522176,0.0,4384,1.0374809088316934,False
255,3051,237,0.7228047234257486,0.44758676910764306,0.0,4384,1.0263702219718778,False
256,3888,415,0.6218042083431854,0.36834619196851165,0.0,4467,1.0395563260645062,False
257,3938,3987,0.7737109023003717,0.3987720904976677,0.0,4436,1.0249871774825952,False
258,569,1697,0.7718117438682883,0.6554977349881217,0.0,4406,1.0222114663420185,False
259,646,2990,0.5681201798512809,0.5259694793973726,0.0,4386,1.0341610075303833,False
260,2055,2161,0.5862274105320315,0.3846668792234105,0.0,4386,1.0021134837925083,False
261,2290,4448,0.7380778753477371,0.5986082656037159,0.0,4407,1.100543177395566,False
262,3884,2121,0.6498904032293025,0.5798229619541094,0.0,4384,1.0230703081534995,False
263,551,964,0.40895940715224466,0.3146254195676187,0.0,4526,1.0004011665976482,False
264,1339,4109,0.6507225313421392,0.3776658894228463,0.0,4409,1.0510040604777544,False
265,1492,2047,0.5975664101872731,0.4880855680947997,0.0,4436,1.0519472282625226,False
266,4596,901,0.6586765443081717,0.16777707222772192,0.0,4467,1.0914921878583395,False
267,4189,548,0.5319661956913624,0.3246105981351158,0.0,4389,1.0013525306652193,False
268,2483,2795,0.5602259720255933,0.4339157955156566,0.0,4386,1.0118118025822882,False
269,1126,2411,0.619898626170774,0.5567638418183455,0.0,4385,1.0468596918237274,False
270,2887,2738,0.6255457008847536,0.5019754417092328,0.0,4469,1.0149057805633912,False
271,2566,4744,0.5443881698152921,0.4042620594036397,0.0,4516,1.0032411042713962,False
272,4918,1434,0.6535463273662536,0.4008198010430396,0.0,4653,1.0000772271532117,False
273,1210,4394,0.753786527220722,0.478316385797534,0.0,4407,1.0051044342027768,False
274,573,3224,0.6502520617962819,0.6161585670346876,0.0,4437,1.0123098416213447,False
275,2769,2709,0.725648232596142,0.5928186327424566,0.0,4410,1.020848164686805,False
276,4206,1561,0.5640015719646616,0.17815944483622922,0.0,4596,1.0057679116807414,False
277,3480,675,0.7538476104187319,0.5478679803010652,0.0,4408,1.0024000269258198,False
278,2231,3458,0.47089554709835557,0.4111325369854686,0.0,4444,1.0026467752977357,False
279,103,1177,0.7383757266100153,0.4060151727999102,1.1102230246251565e-16,4436,1.0316425139371825,False
280,858,3369,0.5564101355245121,0.4824052911586335,0.0,4412,1.0140156288035624,False
281,3673,1300,0.6615811861763294,0.42033702817855867,0.0,4407,1.0544679863895743,False
282,2815,1401,0.7068518852075156,0.38190225630196906,1.1102230246251565e-16,3844,1.0107255112389766,False
283,3247,4201,0.520702458736384,0.47647348430581216,0.0,4475,1.019753007027579,False
284,4749,3757,0.7802638021209791,0.6462336010424921,1.1102230246251565e-16,4407,1.0364196958754168,False
285,746,151,0.6956020179443687,0.3954483625911651,0.0,4407,1.0205456766211982,False
286,2040,4792,0.7853777655758121,0.5872826221684759,0.0,4409,1.0912801085253456,False
287,4494,45,0.4847122611335184,0.440565718285426,0.0,4474,1.0097726226000214,False
288,29,4158,0.5943200197928018,0.4627590942667612,0.0,1068,1.0001485595451902,False
289,1772,1312,0.5710330819406462,0.5343491123521671,0.0,4408,1.013763855364412,False
290,2709,3598,0.5789580375130878,0.35340470959318643,0.0,4442,1.0171096537060296,False
291,2203,355,0.5555486376786165,0.542884439827862,0.0,4437,1.0346776446495887,False
292,463,3721,0.6623791329813713,0.5957815047263343,0.0,4406,1.03791259163552,False
293,1969,1927,0.4311722502356936,0.29384043587539,0.0,1875,1.000152096440297,False
294,3608,335,0.6476669307068903,0.4877452703546684,0.0,4528,1.0009207545661363,False
295,4882,3327,0.6641993640920667,0.606721515603289,0.0,4467,1.05429752931861,False
296,2172,3694,0.6490476897667454,0.6406258346846901,0.0,4436,1.0931556694100308,False
297,1384,2069,0.6829991619430933,0.6153289396988134,0.0,4384,1.071532367447035,False
298,1521,3483,0.5683540755398031,0.40242375610079517,0.0,4386,1.0028920587244985,False
299,3778,3473,0.7781474477496939,0.37131249979452846,0.0,4409,1.0944915368665742,False
300,3580,1276,0.5305050076205031,0.40549475465604934,0.0,4477,1.0002639900629977,False
301,2206,1191,0.7293620970744064,0.40360579474774405,0.0,4467,1.071738407740084,False
302,864,268,0.6694024918136705,0.45123948152042864,0.0,4408,1.0334783221321515,False
303,2262,804,0.6432826337528308,0.41147072545203456,1.1102230246251565e-16,4436,1.083264027354494,False
304,1041,911,0.783453742645789,0.5254081884525654,0.0,4384,1.0557846141260987,False
305,1485,1326,0.7644591383502579,0.6372228645166107,0.0,4384,1.0280365742093336,False
306,4842,3261,0.7711004277504871,0.34129466808630315,0.0,4467,1.042699269636295,False
307,2923,4823,0.739808790840458,0.27175111031410365,0.0,4470,1.0022217238755735,False
308,3656,3582,0.6903626466893202,0.436108141601492,0.0,4436,1.0166808074396423,False
309,3436,3407,0.43962430994466395,0.43613883805377646,0.0,4616,1.0016627513062046,False
310,2507,1034,0.677695935846117,0.47411515022204265,0.0,4384,1.0277450448814907,False
311,3978,4137,0.5229490852219731,0.3771477750426331,0.0,4410,1.0085356857489147,False
312,1229,4866,0.6355940022218523,0.36027189643535806,0.0,4715,1.000061105491875,False
313,4994,4667,0.7542595234628644,0.346300735391995,0.0,4389,1.0009775842798718,False
314,2290,2033,0.4162519300812928,0.4155651626853355,0.0,4467,1.0715749254956546,False
315,660,4844,0.705040210823106,0.1190027665951825,0.0,4467,1.053407751665295,False
316,3062,3802,0.7404945763852453,0.4234620092152416,0.0,4436,1.1119475627720363,False
317,4982,3324,0.5750122542976142,0.4271150117240675,0.0,3177,1.0000337230524263,False
318,2525,1074,0.6695254464629823,0.46576905597600415,0.0,4436,1.0445214820581925,False
319,1253,3079,0.7052587284653002,0.48037993570627296,0.0,4434,1.0779947035355835,False
320,1715,3804,0.6915854323563231,0.5083959918640348,0.0,4506,1.0423787735712022,False
321,2893,4886,0.611057463786306,0.4387332581925648,0.0,4408,1.0117559605439854,False
322,3264,1449,0.7041448705327182,0.1409278570491861,0.0,4467,1.0642845445780704,False
323,742,606,0.5498148305895603,0.4861462426239961,0.0,4481,1.0036368790523889,False
324,3427,1248,0.6290411551456305,0.4198378253033796,0.0,4466,1.0003028335571247,False
325,4036,1631,0.7491555743400831,0.4768348784355117,0.0,4434,1.0258987441446956,False
326,4198,151,0.7835053861559409,0.4199906937787136,1.1102230246251565e-16,4436,1.0023631012608056,False
327,4969,73,0.6521991795097151,0.39888334392046704,0.0,4384,1.0025742877582249,False
328,4239,3543,0.530256119548314,0.38826772557384037,0.0,3858,1.0000551483111861,False
329,3915,2187,0.6008165631299178,0.4050153184920748,0.0,4384,1.0062621564406382,False
330,2489,2333,0.5968369011575962,0.3304912376049397,0.0,4436,1.0005676534600618,False
331,2245,2244,0.585836646783898,0.18422257253107643,0.0,4467,1.0666515623281427,False
332,2413,3850,0.6611368105080375,0.3939784292733837,0.0,4548,1.0178192832135262,False
333,1607,837,0.7109285971568378,0.6461433986343712,0.0,4437,1.021573644173494,False
334,2980,4761,0.6168035017488043,0.5823478733850276,0.0,4440,1.0047480008946148,False
335,4310,1111,0.5945271480022045,0.5751038121612245,0.0,4410,1.0017855537891678,False
336,2137,2610,0.4579830219188148,0.27214733506081534,0.0,4467,1.204364385225878,False
337,1160,1046,0.7604472433529894,0.681980251577031,0.0,4406,1.092692975804729,False
338,1694,588,0.5289686363454758,0.4305498998867116,0.0,4467,1.0950536177550343,False
339,188,13,0.7537672058598748,0.34341703627432313,0.0,4407,1.0118348006846023,False
340,4124,3890,0.6711630814134377,0.6599279679846501,0.0,4437,1.0925750396786884,False
341,545,4210,0.5933415536277451,0.40143593609522027,0.0,156,1.0000466165629192,False
342,1250,1440,0.539006787274614,0.4732108539293978,0.0,4384,1.0115246593237142,False
343,4972,428,0.5944771083959015,0.4808684933726168,0.0,4384,1.0219101200259324,False
344,1149,490,0.6102717203500099,0.4666023589846154,0.0,4407,1.0119125071221688,False
345,4668,4113,0.6114456245492317,0.314899164515167,0.0,4384,1.0184573253422904,False
346,1494,3951,0.6984450705084733,0.3822549540697918,0.0,4506,1.060064598377342,False
347,3752,3257,0.7381055662094411,0.3338219336319982,0.0,4407,1.016626483258294,False
348,4593,873,0.5906164156093174,0.31529217208626875,0.0,4467,1.1412360499389536,False
349,2799,4503,0.670584404205778,0.41296161602384446,1.1102230246251565e-16,4467,1.1031057071351837,False
350,1290,939,0.5055177356313258,0.32495468240063696,0.0,4385,1.002084732118647,False
351,4449,457,0.7387371676636638,0.5832720350744781,0.0,4407,1.0857664296314387,False
352,1047,474,0.7810138027454743,0.5511545684656691,0.0,4407,1.078954360742516,False
353,1374,772,0.7761483500519546,0.4660494449989986,0.0,4436,1.0203605674875396,False
354,4531,3671,0.7313054374954024,0.5813909352744411,0.0,4434,1.0568448386257654,False
355,2468,4654,0.6240218230871646,0.555852828463348,0.0,4471,1.0240020917532453,False
356,3926,446,0.6620327358493814,0.5636847305005808,0.0,4408,1.0624576356192246,False
357,1715,570,0.4248449844984705,0.3204450961743357,0.0,4367,1.0080452814217107,False
358,1457,353,0.7339081333985513,0.6069545563267652,0.0,4407,1.074501548619335,False
359,4075,1552,0.6070557330763311,0.23492764442499203,0.0,4385,1.0022209283132777,False
360,2330,1684,0.7039824324011228,0.6674647028358532,0.0,4408,1.0622334570215344,False
361,1568,2896,0.5206712223709262,0.40470634460717253,0.0,4440,1.0021509716887815,False
362,2495,3182,0.6357269268070036,0.4701252372773076,0.0,4436,1.1385954753891823,False
363,2888,3011,0.7187463734997968,0.600430712929801,0.0,4406,1.0146841601974428,False
364,3246,1343,0.5593613003635465,0.478917642420062,0.0,4406,1.0093021263757753,False
365,843,949,0.7076661151725734,0.6109628761353908,0.0,4409,1.0282088432626904,False
366,1816,1132,0.7208639968382116,0.5359185812318991,0.0,4384,1.0625581414800525,False
367,1694,3443,0.7168289793903062,0.2610365142973149,0.0,4467,1.0699416454051986,False
368,4410,192,0.7428276430936442,0.5452118889222131,0.0,4384,1.079127656925469,False
369,45,927,0.6132230574372874,0.32287300289771415,0.0,4407,1.0019952633162708,False
370,3706,1108,0.5735244985852601,0.4985099998539951,0.0,4437,1.0447405197956767,False
371,4279,2697,0.5780293298673778,0.46523852852893555,0.0,4471,1.0063689051473903,False
372,4183,4281,0.483042702544382,0.41744651774902,0.0,2785,1.0000960737129656,False
373,1700,558,0.7421923874479814,0.38115104925837384,0.0,4367,1.0456854080137832,False
374,3608,1979,0.3928644701287407,0.11207018661919957,0.0,4914,1.000022912082364,False
375,2125,3004,0.781372398145102,0.5912875154614947,0.0,4436,1.057223998164126,False
376,203,2810,0.783853186425004,0.3305243189505823,0.0,4436,1.041991210840199,False
377,3543,4189,0.651419010200156,0.317222506349758,0.0,3105,1.0000790025847321,False
378,4088,2007,0.7318355821316551,0.3504518407313872,0.0,4587,1.0043695315420278,False
379,2038,4134,0.6629345639520894,0.3358821882755222,0.0,4384,1.038175430662923,False
380,929,4834,0.654398469714617,0.46865983546999945,0.0,4408,1.0134142299390656,False
381,1287,2258,0.6681979014449633,0.13941130752198022,0.0,4467,1.136237451068339,False
382,3541,4055,0.6641159510712882,0.3784305158003391,0.0,4515,1.0000607542767297,False
383,2505,2313,0.4192193704144609,0.3280543124988879,0.0,4407,1.0034133076783691,False
384,4553,4219,0.6985854019315747,0.4781734376869814,0.0,4386,1.0058865509054555,False
385,1583,4897,0.556174126992425,0.19248366086485333,0.0,3886,1.0003907901211162,False
386,651,844,0.7291987203439678,0.33395263304771455,0.0,4407,1.0721551818974573,False
387,2974,3528,0.5034941699379356,0.3601309094950003,0.0,28,1.0000110169218697,False
388,2709,1611,0.39719060944839324,0.2540012049585607,0.0,4363,1.0003590414630388,False
389,3315,2426,0.6473700568503977,0.3674222341401502,0.0,4438,1.0105735729184313,False
390,3778,1280,0.6424626371959627,0.4566734686144831,0.0,4436,1.0649696703945024,False
391,3172,4481,0.5453965126689395,0.5138590227632966,0.0,4436,1.0942632592104538,False
392,156,1214,0.7754861989286939,0.47569010320398153,0.0,4409,1.0576658921551843,False
393,3275,2336,0.581795531109492,0.45242101118174155,0.0,4412,1.0036666492206021,False
394,3798,3990,0.5402380609349073,0.33282411244274623,0.0,4407,1.0029138681079608,False
395,108,3543,0.6251004717886524,0.4849790001016934,0.0,4410,1.037841792272304,False
396,2912,10,0.5761851093813544,0.4040867012062372,0.0,4408,1.0036675163026956,False
397,4756,244,0.7448319520383118,0.6687209980073587,0.0,4407,1.0905997845400721,False
398,3168,896,0.5496305311077769,0.27428939005769726,0.0,4384,1.0009834165218765,False
399,2820,4036,0.6610571795123388,0.5850005849773381,0.0,4386,1.0059930386081521,False
400,1153,927,0.5904784312106246,0.28586912043253043,0.0,4384,1.0032854312924633,False
401,2617,1151,0.6614821090518488,0.44628893132522773,0.0,4384,1.0089733785131703,False
402,1577,369,0.7098445293868476,0.3795854984123598,0.0,4384,1.0039369689739561,False
403,730,4382,0.7789466696106144,0.5525681400478113,0.0,4408,1.002386582339473,False
404,1290,1955,0.5110344897813066,0.4726728019336832,0.0,4386,1.026146647723558,False
405,1654,682,0.7066112846821238,0.5089053863882074,0.0,4409,1.0872408458759066,False
406,4291,2808,0.640258516456476,0.5162175572870082,0.0,4528,1.0003616841481222,False
407,4282,3268,0.637526545324433,0.3991645153002629,0.0,4406,1.0033900059386496,False
408,2460,3084,0.6522503170644081,0.5862155222343938,0.0,4406,1.0475739051251427,False
409,4873,1069,0.5800580902669372,0.4805482170540792,0.0,4408,1.009491003584917,False
410,4978,12,0.6489432411483698,0.389275363710761,0.0,4384,1.0112082861663925,False
411,4142,781,0.6385224685625861,0.39740899975459903,0.0,4407,1.0588706085761839,False
412,1314,2279,0.48418018103488514,0.4525420976231173,0.0,4410,1.0090993003659472,False
413,1599,1463,0.6155809876931411,0.5328734198575021,0.0,4440,1.0006098126883893,False
414,387,4222,0.4598790674148887,0.3804739562044988,0.0,351,1.0000840658231023,False
415,4590,4045,0.7368905254640907,0.2894138402792707,0.0,4385,1.0359393941738966,False
416,3242,3213,0.6409220445646762,0.33337897074958167,0.0,4548,1.0059178551863275,False
417,2716,4424,0.6732236199701847,0.5679805066930345,0.0,4436,1.0392187553957926,False
418,3567,3317,0.7045843998253103,0.34026350591487897,0.0,4436,1.0010818909853945,False
419,3766,4006,0.5887861868737811,0.3702788007189212,0.0,4409,1.09609825349493,False
420,2725,1140,0.6435564525861022,0.3003039889666633,0.0,4467,1.0183733044222845,False
421,4393,2683,0.7793485209660203,0.36502857667094707,0.0,4467,1.1032229718185347,False
422,2426,1851,0.5284895983613547,0.5106725075279727,0.0,4408,1.0206700035863974,False
423,698,1197,0.5728654518402294,0.45559791536083555,0.0,4410,1.0407595602669821,False
424,4713,817,0.7268812421032846,0.38124157637772027,0.0,4436,1.0169423129808906,False
425,187,3750,0.7641159914584268,0.7095997104233707,0.0,4384,1.0715834253194572,False
426,1698,3024,0.6862115436168104,0.5533849168184961,0.0,4467,1.067496776543117,False
427,3633,3322,0.6148500625123292,0.5718034081397937,0.0,4408,1.0760111965953927,False
428,1376,2379,0.42763666816892787,0.41116625414086216,0.0,4443,1.0034683047113537,False
429,2782,2339,0.6539550678193002,0.5108244977306325,0.0,4384,1.01073106730854,False
430,4199,4554,0.7178883486374792,0.502982513124375,0.0,4406,1.0139487147567479,False
431,1199,2608,0.5387855485588249,0.44532282105084664,0.0,4467,1.085694311292552,False
432,3603,4596,0.6230277194386291,0.46956373965349807,0.0,4465,1.0108493233270448,False
433,828,4133,0.6361648847440726,0.4575610420118122,0.0,4386,1.0442370814429942,False
434,3320,1407,0.7523633568701076,0.4555885831040463,0.0,4438,1.091423756072031,False
435,4876,279,0.3893888999242261,0.30126719260275564,0.0,4765,1.0004214041269865,False
436,1984,1393,0.7005597451668919,0.4810436548078933,0.0,4406,1.004073701959475,False
437,2773,656,0.7001355463061723,0.4854629528281323,0.0,4407,1.0780468173344826,False
438,1792,851,0.7353205923183266,0.6714089124408492,0.0,4384,1.0950333640465322,False
439,1848,978,0.5330706624297736,0.43214782144202907,0.0,4442,1.0080798671212243,False
440,3331,4138,0.6210146931574352,0.2955975132482894,0.0,4384,1.0023201367597836,False
441,1197,4932,0.7379547204249386,0.41571934588576354,0.0,4474,1.0004178026269508,False
442,1427,1008,0.6522587047068518,0.5593333702172911,0.0,4385,1.0208452668480734,False
443,2473,4560,0.5725463807754583,0.4247993669528091,0.0,4467,1.1481919426412093,False
444,3363,3756,0.7720638956071282,0.4031508116902575,0.0,4438,1.0028783465043785,False
445,3678,533,0.679631818212818,0.47008720773004964,0.0,4386,1.0754839142746322,False
446,2188,3846,0.6468410949440973,0.3733132147755308,0.0,4467,1.1183551721774718,False
447,2916,1932,0.7071034573203381,0.6632810570118364,0.0,4408,1.017015507422988,False
448,2161,2264,0.5089738069930148,0.3584317553497761,0.0,4436,1.0017975015478788,False
449,3496,759,0.5444892774093679,0.23074484155952896,0.0,4647,1.0038547149699417,False
450,679,1377,0.7426685184068917,0.48804025223312986,0.0,4407,1.0030536565165118,False
451,257,4783,0.7473216623582255,0.33996799070392925,0.0,4436,1.0151521379011526,False
452,4692,129,0.7690089917159417,0.4263186307649913,0.0,4409,1.068726414565131,False
453,2452,220,0.7084916389306102,0.45607355326465193,0.0,3735,1.0012946312918745,False
454,4109,4995,0.5353512063389267,0.38142279183328,0.0,1041,1.0000037083352038,False
455,1006,4150,0.6234243885572166,0.4960754314996776,0.0,4384,1.029523001132903,False
456,236,742,0.4393952531687777,0.2809998345324952,0.0,339,1.0008842117265648,False
457,1024,3883,0.6321673049182452,0.5524854915538572,0.0,4384,1.0427068836878461,False
458,3960,1695,0.6304814364700437,0.6225646984024162,0.0,4407,1.0639991046297406,False
459,608,4815,0.6824798634415572,0.47127433184855394,0.0,4409,1.1473941648865513,False
460,4434,94,0.7213391341471924,0.4726212881298379,0.0,4409,1.062969298041629,False
461,2979,3071,0.7794661957963527,0.38991580244891394,0.0,1786,1.0004784831849163,False
462,1279,58,0.642766027381465,0.41500862711038333,0.0,4467,1.0899574728109813,False
463,3060,2586,0.7219203425272829,0.6223104775888106,0.0,4384,1.1499513166420612,False
464,3780,1705,0.6699734289270864,0.5354194090889353,0.0,4467,1.120706166131157,False
465,1415,1656,0.595583364993848,0.5087356212932839,0.0,4436,1.1060079872265598,False
466,2289,2940,0.4928108861248113,0.301628305289472,0.0,2532,1.0001445154508029,False
467,693,3086,0.5254689276091398,0.3215952775450043,0.0,4436,1.0600701552527068,False
468,547,3564,0.610808520615219,0.2430791598474431,0.0,4703,1.0036090146152519,False
469,1229,4334,0.7328528813747948,0.6206217780390696,1.1102230246251565e-16,4406,1.0122320715984459,False
470,4928,3470,0.4889363234824735,0.4720219711747408,0.0,4388,1.0034645757822482,False
471,183,155,0.6850072284634692,0.5634657378318717,0.0,4436,1.0789854918000266,False
472,2066,2588,0.7739610345211005,0.48246786532060587,0.0,4407,1.064737039716131,False
473,2274,4166,0.6641527328834309,0.42646724880068637,0.0,4367,1.0174683278147734,False
474,4318,2345,0.5272709727637093,0.4001638851102055,0.0,4473,1.0006796401140376,False
475,4606,176,0.6750447577032217,0.2115282134364695,0.0,4467,1.0631478176874698,False
476,242,1163,0.7843034214017051,0.5450197214761405,0.0,4384,1.0435523176654475,False
477,308,325,0.7539462731917306,0.505955765247602,0.0,4434,1.013113976851987,False
478,3387,4070,0.5909399716901795,0.45638487738187566,0.0,4412,1.0161034471896486,False
479,2721,2038,0.6202690000649964,0.5571924840503738,0.0,4412,1.0128017405021916,False
480,2870,4807,0.5234800952217782,0.3983952911697856,0.0,4852,1.0007363345674178,False
481,3539,2216,0.765753205962791,0.39954012922281146,0.0,4407,1.0283656571716722,False
482,3501,1523,0.4881115333840489,0.45343839043072287,0.0,4440,1.0049615205551514,False
483,1839,1662,0.765768539695368,0.4388189415018213,0.0,4407,1.0329407342597665,False
484,3087,4781,0.7398160961476092,0.5948680487123176,0.0,4408,1.1219260174716859,False
485,3830,3511,0.4609917084289066,0.34924645609542465,0.0,4411,1.0061257410100823,False
486,4288,1817,0.7158371853163921,0.5021157966873828,0.0,4407,1.0036676048287407,False
487,2827,4268,0.3092574517515345,0.29943560714355744,0.0,364,1.000052600408565,False
488,4537,3217,0.48262417733967844,0.4494225355665341,0.0,4039,1.015433003194528,False
489,4020,695,0.5653524860337837,0.4101315080682709,0.0,4390,1.0021605799905884,False
490,2560,4755,0.7472104046823151,0.355858925144814,0.0,4407,1.0955116755372012,False
491,1233,206,0.4942323344911417,0.23191996065459095,0.0,844,1.0001477282444597,False
492,4961,1274,0.4494268911168833,0.339994730658376,0.0,69,1.0000106890428762,False
493,2877,403,0.6032660576778932,0.46340816104601645,0.0,4412,1.000921314535903,False
494,1801,2704,0.6772003313601829,0.30606010869929434,0.0,4587,1.0091620159806816,False
495,3956,2497,0.6966107596261919,0.6080259802671961,0.0,4407,1.127947392972156,False
496,3585,4899,0.40610365796358483,0.35927379759905625,0.0,4374,1.0005992749273984,False
497,2633,2940,0.33754981508813664,0.2194429118427684,0.0,4828,1.0000940714283753,False
498,2641,3861,0.6715606984325238,0.6309493704349114,0.0,4467,1.128500451318178,False
499,3199,1511,0.665696403425823,0.20289601284145423,0.0,4467,1.0443401322127441,False
500,4835,4284,0.6421995850977407,0.5988757810599737,0.0,4440,1.039408944889922,False
501,1875,982,0.5451720423641477,0.3783123301271693,0.0,4367,1.0033659746219912,False
502,354,1218,0.6295575179678554,0.3633493661512127,0.0,3711,1.0000045990813788,False
503,2598,2840,0.48969251722355533,0.3114881226608341,0.0,4633,1.0010152392395817,False
504,2678,3000,0.6130731836106627,0.5420322397661195,0.0,4386,1.0362067463530777,False
505,1878,724,0.44068194491263846,0.40432015771601537,0.0,4384,1.0107438748659865,False
506,500,3127,0.6751914660973233,0.6082045895557844,0.0,4407,1.0376680540608518,False
507,3067,3913,0.7564094884277397,0.4645450211976426,0.0,4467,1.034111851549709,False
508,2352,463,0.7500064158070305,0.45526217824089565,0.0,4384,1.0016751680969491,False
509,779,2785,0.7336658275718424,0.4101353469936881,0.0,4384,1.0533726294922106,False
510,235,3479,0.7492967830636488,0.32755039133917896,0.0,4385,1.054030457641457,False
511,3992,96,0.7150137949815978,0.49695232284382695,0.0,4407,1.0487466804069965,False
512,3734,2852,0.5821351258419751,0.5804225129473595,0.0,4440,1.0536833737071165,False
513,587,4838,0.6388265648443232,0.43152308577675225,0.0,4384,1.01250177114755,False
514,4266,1062,0.749893697857968,0.5328875819892701,0.0,4467,1.012654154154889,False
515,2765,3834,0.7828305323531355,0.599798981946202,0.0,4436,1.020850451156143,False
516,245,2877,0.5691294101838897,0.40849805451939636,0.0,4409,1.0300051975029678,False
517,1444,2161,0.6897153949423247,0.511378164950238,0.0,4368,1.0055282511757482,False
518,1069,1624,0.677505724870314,0.5030934419987683,0.0,4407,1.1273496573999247,False
519,701,361,0.7710656458009897,0.5187296438486969,0.0,4384,1.0039461510445027,False
520,4632,894,0.5838299516242058,0.39422166836273415,0.0,4436,1.0978277896226134,False
521,4750,4194,0.679949909314236,0.6216997460577738,0.0,4409,1.0338213105919964,False
522,432,805,0.6262580876247981,0.45448475043208164,0.0,4467,1.1617797463183486,False
523,2026,4739,0.767271588537529,0.5865554089172385,0.0,4407,1.0765148908661346,False
524,1625,1189,0.7030924787087312,0.2896446622597424,0.0,4438,1.1364017110423006,False
525,2238,3338,0.4954128409674272,0.3164948578450704,0.0,2618,1.000533986671328,False
526,2247,128,0.6986518778845134,0.28837368445351275,0.0,4467,1.0620513446394086,False
527,3267,750,0.5177426249708095,0.2929537999208419,0.0,4503,1.0350208044134128,False
528,4563,1104,0.6190384487718443,0.15373382885004838,1.1102230246251565e-16,4467,1.1082257894496768,False
529,4738,779,0.6000215647711853,0.5657699808914042,0.0,4408,1.023109435946187,False
530,2670,4433,0.6308744023056851,0.5836055005776808,0.0,4434,1.032963905546486,False
531,4562,3403,0.6177330942664465,0.4117567694770253,0.0,4386,1.0017804753927817,False
532,3516,2270,0.5657769293005792,0.3773740232955939,0.0,3809,1.0000673345454956,False
533,242,694,0.7682223428460375,0.423199616357929,0.0,4407,1.006028360260152,False
534,1180,1188,0.6454142592513792,0.28292679109172014,0.0,4407,1.0306469126297193,False
535,1936,2435,0.6261163458435917,0.3925371449716216,0.0,2217,1.0003188424340042,False
536,1430,4792,0.6335539382334936,0.5688560332525827,0.0,4408,1.0404509192829963,False
537,3753,4880,0.6612757350954004,0.6333724020988981,0.0,4386,1.0593135794737596,False
538,1534,198,0.5759861714640744,0.41747174591854647,0.0,4384,1.0037150176764447,False
539,1280,365,0.5627404558387683,0.49077245446138573,0.0,4384,1.054615416671976,False
540,4725,271,0.7424313090694561,0.21622463700374617,0.0,4506,1.0454899623952572,False
541,1629,2696,0.5985364917760432,0.5607798582126016,0.0,4408,1.04140854498564,False
542,1036,2008,0.623395835318135,0.5120369676221262,0.0,4473,1.0150071436221255,False
543,962,1876,0.5879107966627366,0.5555720291291091,0.0,4384,1.0049797374784615,False
544,979,4355,0.6679213752666335,0.4961544196644379,0.0,4434,1.0664225288584124,False
545,1180,850,0.7451790630762138,0.4632199326786168,0.0,4384,1.0420669771115114,False
546,3975,4078,0.582653697989417,0.42204905357021055,0.0,4471,1.0195504741684995,False
547,2208,4852,0.74788289627962,0.5606195179545026,0.0,4438,1.0840021923296663,False
548,135,597,0.625577286387335,0.4675393513901614,0.0,4506,1.0500557716267882,False
549,2203,3901,0.6163011537928993,0.4007445827737187,0.0,4406,1.0153140543845558,False
550,3508,4227,0.4853534616053876,0.3606275144995053,0.0,4367,1.0014437486067684,False
551,3553,3449,0.4745163302217481,0.45106659031121205,0.0,4663,1.0001724415707618,False
552,1542,360,0.6930637926550869,0.4351725784136562,0.0,4408,1.00301435820824,False
553,4401,1617,0.7399994716301483,0.4664877028798293,0.0,4407,1.0828823814400914,False
554,3427,2391,0.7785237550740325,0.33112172548213015,0.0,4385,1.019093273138965,False
555,2548,3865,0.6958320363856281,0.5932272939707794,0.0,4436,1.0997014434045331,False
556,3751,4100,0.6465477361685341,0.4963417242451703,0.0,4385,1.0740655229248628,False
557,1024,1538,0.45483104253805884,0.3584656066058876,0.0,4474,1.0036246851234079,False
558,726,4231,0.6020784508267258,0.2878459369845635,0.0,4385,1.0010004353931679,False
559,4542,861,0.6892256364612148,0.4462653607561662,0.0,4409,1.007268981774792,False
560,3809,3455,0.739263072760239,0.4841695428077304,0.0,4436,1.029519002558882,False
561,1499,1955,0.5037930152585535,0.42521400424714795,0.0,4388,1.0113255842165128,False
562,1572,4589,0.6683285623798332,0.4873397128811735,0.0,4406,1.0462389044338671,False
563,37,2506,0.750923869271233,0.5768275487307144,0.0,4438,1.0231477771662536,False
564,2823,2619,0.7769456220892321,0.6466703372037214,0.0,4407,1.0408288055657862,False
565,2034,1890,0.606930232084915,0.5362560875184663,0.0,4408,1.0340232270347676,False
566,644,2439,0.5156338267205971,0.27007879111648286,0.0,4409,1.001530598443776,False
567,161,1569,0.6138589478754177,0.40170757476608115,0.0,4465,1.00042608800932,False
568,3360,4673,0.7841541369589482,0.39661865693744713,1.1102230246251565e-16,4407,1.0018365912454124,False
569,3860,3431,0.659525774472618,0.45889853774639033,0.0,4386,1.0327907781682102,False
570,4789,3403,0.49243351882129893,0.3883914361480325,0.0,3850,1.0003272076871992,False
571,953,823,0.5014248547267801,0.40354826564734114,0.0,4436,1.070666297657382,False
572,4219,3939,0.4565380715547036,0.45214311343446817,0.0,4563,1.0036626869592578,False
573,4862,1238,0.667401628797105,0.4517051092219443,0.0,4413,1.0168500883715306,False
574,2016,3831,0.6965051096883617,0.4729924732459802,0.0,4467,1.070010959468449,False
575,2359,583,0.6731339562614114,0.5016828894608613,0.0,4506,1.0140607544096143,False
576,3696,1604,0.4969539245049823,0.3028445024982307,0.0,4367,1.0023618123611515,False
577,922,449,0.6571299600251184,0.550248578092612,0.0,4436,1.020012989510843,False
578,1637,2732,0.7426558372136647,0.4752746761582326,0.0,4384,1.0902377669295293,False
579,2592,3325,0.6628819096426035,0.5817590111763767,0.0,4384,1.0658822761267457,False
580,2112,2798,0.6915927190185602,0.6426525961268392,0.0,4409,1.0626020910740965,False
581,3718,4906,0.709395260905592,0.5332572191308084,0.0,4385,1.0775541229094903,False
582,514,3133,0.6362995759536814,0.5671526667061896,0.0,4410,1.0180239973417153,False
583,4262,903,0.520915030746032,0.4419260605909486,0.0,4471,1.006564447512002,False
584,3980,3292,0.7174975999952773,0.44932214544523985,0.0,4463,1.0053124318431004,False
585,4959,2998,0.4187622524770491,0.337515624612156,0.0,4722,1.0001414449158588,False
586,3078,3219,0.3745377637401699,0.14482956446690232,0.0,4438,1.164241329100653,False
587,4093,2303,0.4367164922662701,0.3171161453583987,0.0,4474,1.00009162291788,False
588,3666,4517,0.6697128424343424,0.5395808082578364,0.0,4408,1.0471896509032552,False
589,4538,432,0.7110287059033293,0.4170784227711118,0.0,4436,1.0085571979919121,False
590,3004,1053,0.7666542280671917,0.4496439948507065,0.0,4436,1.0328336806105047,False
591,2593,4348,0.7154661696427826,0.4491639314666551,0.0,4407,1.0702488834040707,False
592,3721,2287,0.7061389914126046,0.5144318839686506,0.0,4386,1.0267301394843666,False
593,2287,40,0.5492485357324748,0.44410351526709685,0.0,4408,1.007271350199572,False
594,3088,2267,0.6874579663452263,0.4473535344724531,0.0,4407,1.0529495058862912,False
595,3425,2224,0.6978915034512436,0.530960744041185,0.0,4408,1.021425664611472,False
596,3780,799,0.7427899671400624,0.5053727465031367,0.0,4467,1.066772243622504,False
597,2381,4862,0.5672347301388188,0.44846898151112957,0.0,4408,1.0066359928197777,False
598,2159,4106,0.7368207622023792,0.5142358300768137,0.0,4386,1.058377187017669,False
599,3202,1439,0.7601413787774192,0.30087323895791507,0.0,4436,1.0637080876621536,False
600,4134,3325,0.6645413779298703,0.6189922125709455,0.0,4384,1.026340284268082,False
601,1729,1814,0.7699133606255559,0.34877943995341754,0.0,4385,1.0837386771533357,False
602,4017,3880,0.7576643459550496,0.5781247371048756,0.0,4467,1.067211885556722,False
603,3941,1251,0.613360627452253,0.4975568112794077,0.0,4368,1.000949896235114,False
604,289,770,0.6248353993357725,0.43448999861729776,1.1102230246251565e-16,4506,1.0441022672788254,False
605,2378,3742,0.7056877295104016,0.6463302998633298,0.0,4406,1.0486364751730246,False
606,4304,696,0.5197593606718973,0.3355659006842686,0.0,4998,1.000058760633348,False
607,1701,906,0.7804814237502615,0.46217507385859813,0.0,4438,1.0905190472738506,False
608,3847,3802,0.7795963527102092,0.4181009682825531,0.0,4436,1.096840906796368,False
609,649,1223,0.5716357512530177,0.3566638241229854,0.0,4409,1.0390942138564416,False
610,2376,439,0.6767478242380074,0.5182524971112236,0.0,4406,1.0115544049345313,False
611,1674,1480,0.7178789951982285,0.29614632356480936,0.0,4438,1.1442732351244702,False
612,1743,851,0.5933754700394207,0.492996647324955,0.0,4437,1.0312151818920763,False
613,2919,6,0.7614123603764096,0.3338326600279215,0.0,4463,1.0046484040984143,False
614,3793,1499,0.6460017046914333,0.36233508334530684,0.0,4385,1.0124663020788771,False
615,2167,959,0.5268113877362977,0.4576603760893485,0.0,4385,1.0245833197522447,False
616,2008,1421,0.6218149299830094,0.60870844226202,0.0,4408,1.0761699820523494,False
617,424,4426,0.6914906509885439,0.4638253816778859,0.0,4560,1.0032843543982388,False
618,2200,4272,0.38737590243073683,0.26980056242761496,0.0,4396,1.0012691025778204,False
619,95,4528,0.7594939198066966,0.5790896625028963,0.0,4436,1.0705503507882987,False
620,4034,3208,0.4162115387587333,0.40731114906705235,0.0,4616,1.0027670307628531,False
621,82,175,0.6868621028787256,0.5696201547246127,0.0,4436,1.0182118151055553,False
622,1340,1218,0.7041596706402355,0.4604129491678103,0.0,4384,1.0106340306643,False
623,1571,1559,0.45947436154158616,0.35232718919560974,0.0,4663,1.000433476896282,False
624,4313,1721,0.5323833130327955,0.5271233967564425,0.0,4435,1.0016560778367085,False
625,2653,2249,0.7824915633549718,0.3310093394831821,0.0,4436,1.0554311826040108,False
626,1946,4373,0.6233771143968889,0.5165565263435434,0.0,4434,1.0131561532496185,False
627,1216,2137,0.6666326730412013,0.39402548093932543,0.0,4506,1.0714056606055713,False
628,2245,2809,0.7256084236745384,0.29816732288215314,0.0,4436,1.0463128115698448,False
629,823,3568,0.5589732228897244,0.4695150589202941,0.0,4438,1.0061466249444997,False
630,4735,4871,0.6302670218974038,0.4545200280964594,0.0,4410,1.0234117035614452,False
631,3518,2847,0.5031742199896856,0.29986398114572826,0.0,4040,1.0002317943386179,False
632,2112,1860,0.7047354000960873,0.6350809948836076,0.0,4409,1.1014866214777044,False
633,4367,1150,0.7836940099738356,0.4866033587776598,0.0,4409,1.0326379138446207,False
634,1958,3455,0.5127892493245394,0.30826965406663703,0.0,3376,1.0000625437877595,False
635,2504,2526,0.6841685879075374,0.4162318391531613,0.0,4436,1.1326516123795642,False
636,1568,4202,0.5303963149927604,0.23852913606818513,0.0,3943,1.001395820748017,False
637,4494,110,0.4576981075476221,0.4407329536042945,0.0,4632,1.0139143153395178,False
638,726,4292,0.4397051166618944,0.3607664930966626,0.0,3184,1.0001211017183247,False
639,974,2612,0.6862825266006922,0.5519109905056613,0.0,4434,1.0122681954434958,False
640,3274,4736,0.6326645621296896,0.5208325773065239,0.0,4385,1.0115303692125124,False
641,300,4365,0.7789144409135638,0.4973706952980025,0.0,2089,1.000304898205525,False
642,4237,3186,0.5701881948302372,0.40716044288288783,0.0,4436,1.0089544716323429,False
643,4239,950,0.6897141340797326,0.30491048716544966,0.0,4506,1.001554869057062,False
644,4631,3727,0.6166501391967039,0.5237007649505374,0.0,4437,1.0243544385561265,False
645,2768,435,0.7123497874889901,0.6229856815242611,0.0,4407,1.0438583125701506,False
646,3417,4716,0.7772665646811534,0.5536524744733529,0.0,4407,1.0343430062862686,False
647,2051,2490,0.6954457364677431,0.43046956629086375,0.0,4407,1.0521446241365584,False
648,4794,1606,0.6386593435540204,0.4162247589190182,0.0,4442,1.0140279128070635,False
649,2342,2572,0.7569556020421766,0.576709517990915,1.1102230246251565e-16,4408,1.0034188231236265,False
650,2965,919,0.717984616063239,0.5675817842154344,0.0,4516,1.0018306104234709,False
651,3819,4625,0.723910876285915,0.40464222678874623,0.0,4436,1.0039610465440372,False
652,3318,4284,0.6654670497423609,0.5893417399171711,0.0,4386,1.0187905942381954,False
653,1490,3019,0.7537545583379144,0.673774643031312,0.0,4406,1.0608806943285345,False
654,4542,694,0.6788756679791268,0.3981504410079746,0.0,4436,1.004143612250656,False
655,4962,2914,0.6792517600538188,0.641778020479435,0.0,4440,1.026496240789491,False
656,4132,26,0.6374503154879827,0.39765929553248314,0.0,4384,1.0066224761082196,False
657,245,3137,0.6863165736896537,0.6240821255794952,0.0,4436,1.0690268997700916,False
658,922,433,0.5715564835782336,0.5115867791735331,0.0,4467,1.0309128515326835,False
659,4941,3379,0.5877090110548995,0.26585915711431063,0.0,3803,1.000180546328531,False
660,1495,2075,0.6795690882328547,0.3985898923358694,0.0,4390,1.000478375400091,False
661,2955,3938,0.4910183069051639,0.35567166477461576,0.0,3987,1.000455560438436,False
662,4341,4097,0.6781390902442448,0.20343307336886993,0.0,4467,1.0565010909813515,False
663,2234,3206,0.5739191429503503,0.41486510465702203,0.0,4371,1.002043498098311,False
664,3296,312,0.6626553744420445,0.48465847056248934,0.0,4406,1.0169837482196586,False
665,882,285,0.5905569782691282,0.38623680684686146,0.0,4386,1.0259827799129237,False
666,3305,3450,0.709218093744048,0.5722098742163251,0.0,4408,1.0472391032625643,False
667,880,1559,0.4971051366657342,0.32560678564413126,0.0,4474,1.003589615658311,False
668,3053,2215,0.5367200613809047,0.48587547584590085,0.0,4386,1.0212646925370081,False
669,2982,946,0.5806473791010962,0.4208473553038635,0.0,4071,1.0001121807398827,False
670,2933,4304,0.25632229573301757,0.2364532536066503,0.0,896,1.0002131707460837,False
671,1635,4073,0.7429540862142172,0.17485499922904668,0.0,4467,1.0524125388709353,False
672,3065,3765,0.6433412331921486,0.37410480150593667,0.0,4506,1.164499930416915,False
673,4549,4262,0.5902679610548862,0.5051934657108855,0.0,4385,1.0131382524311345,False
674,585,895,0.7571911146740922,0.504118916285623,0.0,4409,1.1036428939528462,False
675,339,1735,0.6465277818288131,0.5697957161271975,0.0,4467,1.1121177694782514,False
676,273,3431,0.6720306749269298,0.49842187236281554,0.0,4386,1.0122152750622382,False
677,3159,3848,0.6362267383146989,0.5623125897630534,0.0,4436,1.0525843511446757,False
678,683,522,0.7435361435925261,0.13081246175147637,0.0,4506,1.079582793727244,False
679,307,1182,0.5199118479648348,0.2551113351674312,0.0,2739,1.0003716996068135,False
680,3050,437,0.6788285516210646,0.46774058280914743,0.0,4467,1.0939294032537867,False
681,1406,554,0.7759856849881546,0.3059373257338851,0.0,4467,1.053287434988707,False
682,1789,2953,0.5236279188598569,0.39782376122476293,0.0,4370,1.0120688879139383,False
683,4726,4361,0.669713854430376,0.29899518795763397,0.0,4467,1.0218450766480942,False
684,12,1053,0.7844621891802106,0.4678356966914523,0.0,4407,1.0008325462094891,False
685,3562,3260,0.7352243317203024,0.3934114841606616,0.0,4436,1.0283512570946842,False
686,4175,1702,0.7646876059181595,0.7249087935775188,0.0,4408,1.0877335933956747,False
687,519,2685,0.5737234583828217,0.5253718755085945,0.0,4406,1.0250033606812705,False
688,571,2961,0.5082213856852702,0.31231101676486916,0.0,3533,1.0002320091431307,False
689,3710,3409,0.6350111068061555,0.21949820415948074,0.0,4409,1.1348048850289516,False
690,1568,1169,0.7038574499844126,0.2850961099957543,0.0,3844,1.000788484503838,False
691,3631,51,0.6067654580009068,0.37790941214289436,0.0,4409,1.0193075599965913,False
692,1848,1701,0.641529748159555,0.3142531015522338,0.0,4436,1.03959305972468,False
693,1014,597,0.7257592988109929,0.44104078832165894,0.0,4436,1.0839776237173062,False
694,3593,3077,0.7779071791059451,0.5965429235919056,0.0,4516,1.0023208684442355,False
695,1140,465,0.6645313089732978,0.6606336225893809,0.0,4384,1.0421815068552585,False
696,3684,1678,0.6270893037340866,0.5739877590084035,0.0,4408,1.0548455001058339,False
697,2735,3080,0.7242835839917889,0.6247847453398003,0.0,4436,1.0998674062260136,False
698,3104,1039,0.6918231332777101,0.4746037441580606,0.0,4407,1.0822298420358947,False
699,1878,2184,0.746264275657345,0.49624679395460347,0.0,4467,1.0229411562063961,False
700,3466,2361,0.3419143623136023,0.25891538133252395,0.0,3793,1.000060086468191,False
701,2175,2384,0.6796749250445941,0.48308126564535825,0.0,4386,1.0031802951508877,False
702,926,3545,0.6338195173661987,0.26144964630173395,0.0,3669,1.0019108929183287,False
703,755,2762,0.6364588775836308,0.3832324755043818,0.0,4407,1.000607552725838,False
704,1828,3632,0.5634922837476903,0.4706533827799152,0.0,4407,1.06293447185833,False
705,4294,3269,0.745537323040808,0.6400164831139729,0.0,4435,1.0181094692452108,False
706,392,3002,0.7101730925598089,0.49870974389335,0.0,4506,1.0178104205028613,False
707,4081,548,0.5645593038260284,0.23225173585034586,0.0,4384,1.0045063366166775,False
708,3570,4309,0.35311875035476525,0.19184208402659167,0.0,2782,1.0006021885353915,False
709,226,1265,0.37557695518294043,0.2419274646904816,0.0,4359,1.0002517116348202,False
710,4275,1831,0.5497829031678263,0.4609306761462712,0.0,4408,1.0032992512109196,False
711,2125,4310,0.3285781199049653,0.2783761317381066,0.0,4542,1.000796487282609,False
712,3697,2145,0.6573181114856208,0.39616467121970717,0.0,4467,1.1033513463814415,False
713,4334,3811,0.7223906919367575,0.6177723895779309,0.0,4384,1.119005561499548,False
714,1208,1830,0.7445413174042628,0.4387889301723905,0.0,4384,1.0196456635573417,False
715,126,1366,0.7259737629424023,0.5435061651721074,0.0,4406,1.0338276683147374,False
716,685,1488,0.7118649655633975,0.4243942806406693,0.0,4367,1.0014644741737293,False
717,3976,3717,0.6380874231578462,0.527710781035859,0.0,4437,1.0338704735451183,False
718,533,107,0.7673331540629347,0.436855770001945,0.0,4384,1.0042146829401732,False
719,1093,667,0.7670760404190045,0.2399029068403759,0.0,4467,1.0129510490109324,False
720,3027,4678,0.6774435472498919,0.43853569206194953,0.0,4467,1.0663152271029317,False
721,2948,4347,0.7450147845634358,0.5544848788933738,0.0,4406,1.006687988722588,False
722,1411,2764,0.6605347176558354,0.6199525760439399,0.0,4409,1.053146675595915,False
723,303,1198,0.6258328977668182,0.2860403283557398,0.0,1720,1.0002172347206466,False
724,3653,2713,0.5963997958228404,0.4810402051438289,0.0,4436,1.0506456651384408,False
725,741,2401,0.40576269762458406,0.15212878464281596,0.0,4708,1.00065097685178,False
726,63,4100,0.7343378006645942,0.5066386308825191,0.0,4384,1.0824291661141607,False
727,2353,4028,0.738730994884718,0.35685968288463843,0.0,3808,1.0000883140392038,False
728,4621,2404,0.5207446389501031,0.3318085862634553,0.0,4413,1.0060875869053862,False
729,1162,4951,0.5790309480201206,0.4952645527291419,0.0,4386,1.0270521718473185,False
730,1882,2889,0.5388424497502742,0.4179024098547844,0.0,4442,1.004249401096784,False
731,2541,4075,0.5558951359352733,0.4599829078544198,0.0,4408,1.0186884359343404,False
732,76,685,0.6254657098226444,0.5207447790049129,0.0,4408,1.0492302996995304,False
733,4847,3288,0.7341445693607138,0.5564064500160417,0.0,4408,1.0109650758421267,False
734,812,1275,0.5062762266134344,0.34729132726714734,0.0,4385,1.002422644046989,False
735,2475,965,0.6233217916914402,0.41743378225735706,0.0,4367,1.0262121481107416,False
736,2985,2001,0.7512432045207138,0.44741200217387894,0.0,3222,1.0000800592730414,False
737,3904,1208,0.5834650290316947,0.3897154866490623,0.0,4386,1.0220988900712598,False
738,2817,2601,0.7810990826596127,0.5670786777258375,0.0,4408,1.0053874450664169,False
739,2401,3230,0.7347447020221392,0.5577339420996338,0.0,4436,1.0077516976749568,False
740,4987,4013,0.5548534222537489,0.5195747018413184,0.0,4440,1.011145320758609,False
741,3342,4994,0.6352142719133047,0.2971306428137428,0.0,4386,1.0116690688950287,False
742,3974,3726,0.5236426969315113,0.41183778093705675,0.0,4598,1.0003790619440918,False
743,3940,3434,0.7662861713511049,0.32718891435837083,0.0,4546,1.0342167111285925,False
744,4417,3431,0.6396975276001537,0.5401288869498401,0.0,4385,1.0582904914659992,False
745,2376,2835,0.40697654244374615,0.3994788548423756,0.0,4410,1.0008171510840187,False
746,3497,4066,0.7431758453059336,0.2777612350197069,0.0,4467,1.0062277382249496,False
747,2159,4397,0.7162879629741123,0.6465006696711604,0.0,4408,1.0906633167258666,False
748,3456,3744,0.6265338019490327,0.6141105620076367,0.0,4408,1.0370662807763569,False
749,161,2137,0.3903379194134562,0.18373087315977538,0.0,4467,1.153916646507467,False
750,877,4283,0.5438053835611454,0.45632125585717953,0.0,4410,1.0047164629927932,False
751,3688,542,0.763076654348561,0.5653409131120796,0.0,4384,1.079616830814005,False
752,2669,2829,0.394194889440703,0.36693594321691725,0.0,4521,1.0020975632223381,False
753,269,2326,0.6677680997355582,0.4160531988976217,0.0,4506,1.000186070133055,False
754,466,2869,0.6625782598366152,0.4175703836224912,0.0,4467,1.0132121287256242,False
755,4263,1281,0.7392421322627989,0.5501288052924724,0.0,4406,1.0210961917102996,False
756,1473,815,0.6213224648029918,0.44668958792094654,0.0,4473,1.008099353461156,False
757,1537,2778,0.6954774068010341,0.2006740258119876,0.0,4548,1.0216756174661104,False
758,720,961,0.41730246493826684,0.40516758893517185,0.0,4440,1.0053024545022375,False
759,1257,1481,0.5832710571956392,0.5109800549303752,0.0,4408,1.0039035399447325,False
760,3688,2207,0.6524894413122251,0.44961520433105817,0.0,4409,1.1502657119673154,False
761,2437,4099,0.7086716649592173,0.44423789304265554,0.0,4467,1.0126657289639127,False
762,1791,2066,0.7437649857087925,0.48299171068683555,0.0,4407,1.0427946234194805,False
763,2365,599,0.5667117126661845,0.33264134502347564,0.0,4506,1.0804101787737235,False
764,4605,4403,0.7754067257349231,0.5176380176112343,0.0,4408,1.0265827626770623,False
765,382,2135,0.7135892014824696,0.4702868487869456,0.0,4436,1.0350930859077598,False
766,4684,2359,0.46765000141696156,0.21043368472797633,0.0,4462,1.0008776884473873,False
767,4534,100,0.7004935024446448,0.4864216591370928,0.0,4384,1.0473946668878404,False
768,2085,3318,0.7761783389334926,0.38204661824500974,0.0,4384,1.0938737115917192,False
769,2314,3354,0.6102667717026202,0.39551276471559005,0.0,4408,1.017055008349147,False
770,732,721,0.46684306823883404,0.3736185075348475,0.0,3843,1.0004142601666566,False
771,1937,4614,0.7335436200279748,0.6522364128443097,0.0,4412,1.0056676750884674,False
772,2700,973,0.517063316279522,0.22194005300161987,0.0,1694,1.0031695843673525,False
773,3864,1058,0.688503904212828,0.4731160805334084,0.0,4407,1.0646523994437394,False
774,3496,2187,0.7247551238222663,0.4557489106246637,0.0,4384,1.005525362235703,False
775,2717,765,0.6656081314314122,0.5334712786573665,0.0,4386,1.0358915141273142,False
776,4576,2770,0.5005178891403617,0.3235078040043185,0.0,4409,1.00013811411923,False
777,637,2678,0.6881503081875602,0.5495362788851289,0.0,4467,1.0843267378669639,False
778,292,784,0.7805781731465311,0.6805596246486162,0.0,4384,1.0407672060350281,False
779,26,2579,0.46917665397720576,0.35955929687377236,0.0,4467,1.0993986755298808,False
780,29,4496,0.7178484463277099,0.5337700096319329,0.0,4560,1.0008547449060003,False
781,1831,4254,0.6960864733330965,0.3433295742234317,0.0,4386,1.0054528622010974,False
782,1570,3475,0.5432704648182289,0.4213349931701117,0.0,4369,1.0041082992743715,False
783,2216,133,0.7806009481539027,0.24912206670025516,0.0,4467,1.0145367487472974,False
784,4775,1685,0.6130980795320609,0.4866203372709799,0.0,4467,1.0459360112647473,False
785,2381,4106,0.45581272599181677,0.4142641147229225,0.0,4444,1.0036955628365407,False
786,3714,2813,0.7712573175814317,0.4373837364692518,0.0,4409,1.0620909929027615,False
787,1091,2200,0.7025611567551593,0.46564277009242244,0.0,4408,1.0077318290791624,False
788,2990,4552,0.5111792429663486,0.3561353272934242,0.0,4467,1.016905895539383,False
789,2653,1773,0.6731974871098032,0.4323714703464968,0.0,4384,1.004618431471046,False
790,990,2839,0.6432432686384022,0.23797998950219074,0.0,72,1.0003399399338349,False
791,2590,2159,0.6738470298836132,0.6446070790924852,0.0,4384,1.0602382551266292,False
792,3424,1512,0.6941342439675164,0.31762812134723284,0.0,4467,1.0247106324417643,False
793,4922,3414,0.7535258433426675,0.26288367155929626,0.0,4506,1.0256080904268294,False
794,4313,224,0.7220274674427669,0.5342723233750337,0.0,4510,1.0027962808689943,False
795,3276,524,0.7300876077462544,0.28755975005846446,0.0,4407,1.0306877990654504,False
796,2302,3651,0.671141130062253,0.5180313051344896,0.0,4470,1.0306416331263977,False
797,4698,3513,0.7017090817110967,0.4658894285046519,0.0,4408,1.0532626321552674,False
798,3725,4846,0.4883532760296836,0.40368684175070874,0.0,4385,1.0181637959893306,False
799,2733,1584,0.6463882703576527,0.44877227152452714,0.0,4410,1.0013705613791082,False
800,3538,4624,0.7846985023998636,0.770640679827331,0.0,4408,1.025444517114815,False
801,3551,577,0.37082207303915293,0.22187350913119983,0.0,3443,1.000155024103931,False
802,2394,3345,0.6119417831218925,0.39917701863699606,0.0,4526,1.0003235306279976,False
803,2899,2326,0.4811664407093037,0.33528761998073875,0.0,4006,1.0002446893209276,False
804,2309,4319,0.329862980680093,0.21698588806964336,0.0,3096,1.0001677289453537,False
805,2475,1021,0.6578969709617066,0.41677373119895605,0.0,4436,1.0672360871031572,False
806,2168,882,0.7430865084792995,0.5704218786676597,0.0,4384,1.0428752429490753,False
807,375,784,0.6477020324948084,0.5909928056939802,0.0,4406,1.0202586636144362,False
808,4380,2039,0.7621223698474031,0.5578563591763515,0.0,4467,1.0606054160357643,False
809,2628,3834,0.6044963751085248,0.5351105546368327,0.0,4437,1.0235858196385523,False
810,2087,3698,0.6259312748794521,0.5001387170984384,0.0,4407,1.1079300039011368,False
811,2538,4080,0.7770713574746857,0.33693466656255755,0.0,4407,1.0150322227448598,False
812,3411,2279,0.7274926972006135,0.6433664481872784,0.0,4409,1.0153656304047962,False
813,945,4141,0.4639955446259023,0.38023190513647265,0.0,4418,1.0016207584405332,False
814,4223,2311,0.4588744693307092,0.4423361616662207,0.0,4475,1.0043362785647556,False
815,1757,800,0.7848831045193139,0.5700781068172064,0.0,4384,1.0586282361779513,False
816,295,687,0.48176140405803825,0.4446926714615009,0.0,4474,1.0014697982449834,False
817,477,4491,0.7601117346256583,0.5181378748515886,0.0,4384,1.0447669330313143,False
818,4034,3796,0.43819956129749826,0.30835366157116845,0.0,2252,1.000154212154627,False
819,1259,2167,0.6456723617680638,0.3971760871311687,0.0,4548,1.0217778194803864,False
820,2961,508,0.4811991845120449,0.42568314380413097,0.0,4440,1.007723905474283,False
821,3579,2765,0.782836243903879,0.3462065621263929,0.0,4436,1.0123588676869444,False
822,2901,2083,0.6650596420187513,0.4650715615637705,0.0,4467,1.040669382790118,False
823,2062,587,0.618651111222424,0.5449869215540668,0.0,4436,1.1232266258513328,False
824,2424,480,0.5938210519045573,0.39500394626254853,0.0,4563,1.000295569051832,False
825,444,4084,0.7245509451384473,0.5371071229861252,0.0,4384,1.036983142925525,False
826,1128,1853,0.7329839915994443,0.4412202294202858,0.0,4407,1.0442663499472353,False
827,1565,1668,0.7257511840292814,0.5340751962903143,0.0,4373,1.0005798290591965,False
828,3414,4667,0.6961110940172954,0.5123747466512367,0.0,4438,1.0215346162696244,False
829,552,3390,0.6377655580860928,0.45579327381915574,0.0,4474,1.0035180418270275,False
830,44,968,0.511152805974076,0.22810298618532343,0.0,3881,1.0002167309422665,False
831,3665,1013,0.7661504285559708,0.443149151503609,0.0,4384,1.0269730658805254,False
832,3117,465,0.7500814419651523,0.5725259041262509,0.0,4384,1.0754279101788535,False
833,2911,331,0.6640381721259638,0.4114148227376895,0.0,4473,1.00468864931098,False
834,75,4831,0.6916975434911006,0.3923732508490646,0.0,4438,1.006970220157524,False
835,1949,234,0.6480051205097253,0.45449285306827925,0.0,4384,1.0131048615682368,False
836,276,4402,0.7161319642569097,0.3917953726187243,0.0,4549,1.0002682000397982,False
837,2771,4510,0.7408856996507565,0.6620082953602807,0.0,4436,1.070701145194425,False
838,1878,4022,0.6123713241716517,0.5618947728543023,0.0,4407,1.020742923045735,False
839,718,2132,0.5738666367051595,0.4864832812395087,0.0,4443,1.001841495250088,False
840,2986,87,0.5018487079755811,0.41180207612665476,0.0,4616,1.000101473312052,False
841,4726,142,0.5468278781776652,0.3162796583349519,0.0,4367,1.0094246716168116,False
842,4325,3925,0.47028376580900577,0.39747832738120786,0.0,4642,1.0013452750749945,False
843,1385,360,0.7477577249349459,0.5289814853245142,0.0,4438,1.0296097878315957,False
844,1951,1079,0.535289399256393,0.513936038610639,0.0,4406,1.0056073651055166,False
845,4422,156,0.6492260381431683,0.3420226249553834,0.0,4436,1.1081377725606967,False
846,4740,4519,0.7614630022585356,0.43235223674042694,0.0,4384,1.061352313139864,False
847,1931,4730,0.6035794030846686,0.43515697601847547,0.0,4408,1.0047001343934763,False
848,1810,4789,0.644255458538801,0.22260245175661234,0.0,4501,1.0000440773885575,False
849,3820,4525,0.6610461115925013,0.31781303900084323,0.0,4436,1.027463248155923,False
850,3451,3407,0.6102860249645845,0.5352808278787589,0.0,4388,1.0136201258823416,False
851,2964,2433,0.692447143858594,0.459707123156586,0.0,849,1.0001758226147848,False
852,1225,2505,0.6956283477153749,0.468652069350448,0.0,3846,1.0021306085693644,False
853,2721,3503,0.41706175125362677,0.37172545173841076,0.0,4396,1.0014309595754431,False
854,127,4936,0.6394931846910215,0.5797147293228492,0.0,4440,1.0444273700146904,False
855,2799,3,0.7494229778841035,0.45243732845912965,0.0,4407,1.0306689425933575,False
856,4978,3025,0.7175292738017509,0.5549274655181371,0.0,4437,1.0082425787295737,False
857,423,4131,0.3832274804241482,0.36643677889903775,0.0,1457,1.0002942936342734,False
858,4295,2430,0.5209176925511603,0.22358650542290018,0.0,3311,1.0000385863290369,False
859,3456,3528,0.4087506315686973,0.3093085309700693,0.0,4586,1.0003203146528954,False
860,1099,86,0.4521633543978911,0.3497268420450835,0.0,4481,1.0032039224021796,False
861,3383,3206,0.6632017741005232,0.4406801063199008,0.0,4388,1.0009217375037678,False
862,2988,1976,0.31444521762320754,0.19191278221248795,0.0,2842,1.0000469374323575,False
863,1487,2420,0.5271537494440812,0.16049669217002302,0.0,4587,1.0014631734741855,False
864,4909,1408,0.6113235180591436,0.5112971978202431,0.0,4384,1.008833896617741,False
865,2823,1139,0.5911072048084192,0.5899303725820453,0.0,4384,1.0144762297871803,False
866,1577,3275,0.7279319406242628,0.3952004600846063,0.0,4384,1.001279160733773,False
867,2495,3916,0.752479997583321,0.5411216244346788,0.0,4407,1.0609402937411168,False
868,3645,1981,0.5737118571291573,0.39027451108823563,0.0,4409,1.0138316034010852,False
869,900,221,0.7415199238653258,0.47024680798144597,0.0,4407,1.0092517990741625,False
870,3645,768,0.609097273197416,0.4797126111880037,0.0,4436,1.0993541389106107,False
871,666,3643,0.7358875710124906,0.48842921538917317,0.0,4384,1.0223051097209757,False
872,3194,4419,0.7070610738391432,0.686609514745936,0.0,4384,1.0784600845754548,False
873,2383,4498,0.4982207912100929,0.45630148331501846,0.0,4663,1.0040648630756068,False
874,3942,4925,0.6866727985979004,0.47923241232054054,0.0,4410,1.0119622483799853,False
875,322,240,0.6938491471467678,0.40620988641953626,0.0,4407,1.0757323325506247,False
876,3031,4532,0.7355744264027573,0.5525530310937624,0.0,4407,1.0431310890447447,False
877,3089,583,0.6105805194858069,0.5284174044401155,0.0,4467,1.1311450187029846,False
878,2564,1468,0.5401591737053364,0.47118592127846226,0.0,4411,1.0102347547946344,False
879,4769,1974,0.496406528446645,0.35519431086318376,0.0,4388,1.0083811451139615,False
880,1708,4646,0.5730610869976465,0.5039827514785429,0.0,4384,1.0619068337569737,False
881,3200,1487,0.575456219667684,0.2563176336200451,0.0,4407,1.0007613020854886,False
882,2605,334,0.7037130961173483,0.5163761917000709,0.0,4467,1.0601961415810515,False
883,3654,4470,0.6918854895848803,0.41219816955619704,0.0,4467,1.0783834816996016,False
884,2574,4977,0.6476703338235259,0.44383819109148104,0.0,4409,1.0059683470163965,False
885,3539,4725,0.5824382948527145,0.3947430612051134,0.0,4465,1.0184209257596821,False
886,71,2656,0.7502168017679223,0.3679976480746543,0.0,4436,1.0259214992526602,False
887,876,1800,0.6745221255482985,0.6533461176474156,0.0,4384,1.0542811797584168,False
888,1906,4419,0.7824225674287923,0.7263410041438559,0.0,4408,1.0827444877256633,False
889,4300,4432,0.741214877718261,0.6431428807645337,0.0,4471,1.005939887195155,False
890,1893,3637,0.5431186153105472,0.4302172811899009,0.0,4503,1.0189373200799252,False
891,4396,414,0.6843648620526812,0.3783292061212936,0.0,4385,1.0524210111564107,False
892,866,922,0.696311798543249,0.3640786030927753,0.0,4467,1.057169103467506,False
893,3241,3978,0.6668750598868174,0.5981104463428845,0.0,4440,1.0501112102892205,False
894,2891,3978,0.6208342535481055,0.5803825034228108,0.0,4515,1.0029523170030596,False
895,2311,1262,0.5210934723273724,0.3703832544750067,0.0,4442,1.0036338318021352,False
896,3864,1498,0.5971185726423949,0.3488029692014677,0.0,4384,1.0036957743798094,False
897,982,1571,0.49452466231062164,0.4093868315494535,0.0,878,1.0000271499864928,False
898,2282,2118,0.7475826747236196,0.5113926084552728,0.0,4384,1.0631928227329706,False
899,2174,401,0.7218346967651375,0.4196673564909294,0.0,4367,1.0211652697108822,False
900,1796,687,0.5481589006307068,0.536680415612425,0.0,4385,1.0226297682191252,False
901,169,2982,0.4208659568444775,0.3866604252413997,0.0,4412,1.0098072263977071,False
902,2235,1996,0.4234485306129514,0.3789357516856939,0.0,4481,1.0023804964207428,False
903,2523,4164,0.5492714432336294,0.35191028463725693,0.0,4384,1.0363435720328213,False
904,611,1742,0.770055251642761,0.487569331919956,0.0,4384,1.015336530588647,False
905,3851,254,0.7646796538294875,0.43084079893977123,0.0,4384,1.0768804291886387,False
906,4912,712,0.5707761828306506,0.29480354788891616,0.0,3735,1.0035773613083996,False
907,2869,760,0.40049689189820903,0.2464862832404278,0.0,4050,1.0000067297715498,False
908,473,2812,0.7646557046328724,0.4506431674771656,0.0,4409,1.0655684535926722,False
909,3883,1631,0.5592809258096434,0.48086440532965796,0.0,4436,1.125709462065615,False
910,3146,3779,0.7450803574699574,0.6517323670461798,0.0,4384,1.1456123481518543,False
911,3379,1774,0.6559773772016761,0.4557304508559198,0.0,4508,1.001310323168052,False
912,1609,4240,0.26193268750911525,0.23536879066007924,0.0,2351,1.0000454300497084,False
913,2098,689,0.6234060587529209,0.5886307580215143,0.0,4408,1.0681602183654788,False
914,1791,1333,0.7410685850391499,0.39581110008160736,0.0,4436,1.0844684044606439,False
915,4989,2910,0.561324445293601,0.3036728669941782,0.0,2728,1.0004315904491172,False
916,80,2252,0.6757986488550181,0.4543999944234563,0.0,4467,1.0260327108046983,False
917,1495,1812,0.6399595808373038,0.5212344921253007,0.0,4408,1.009030582439905,False
918,2084,156,0.4842852191054794,0.3598031125418937,0.0,4467,1.1671911704631268,False
919,375,1721,0.5294610880092101,0.47592767920878637,0.0,4406,1.0177232229966953,False
920,2938,3506,0.686737176151202,0.2530798492764475,0.0,4337,1.0050022357322022,False
921,247,2725,0.6306758226461326,0.36374289641620994,0.0,4384,1.0442816831314738,False
922,416,909,0.7359817338328405,0.32922031418870445,0.0,4705,1.000278413451206,False
923,551,3793,0.716056668904546,0.5086295463241346,0.0,4443,1.0070158838936352,False
924,4685,2362,0.5503229926703552,0.37088923482052116,0.0,4442,1.005503429582246,False
925,1159,151,0.5860890296238068,0.40092741753049316,0.0,4467,1.0387149551149577,False
926,1851,2441,0.6301969981433402,0.46359196807536573,0.0,4386,1.0037269624216412,False
927,2907,3792,0.4881237921930772,0.4744502293452281,0.0,4662,1.001410235545639,False
928,3880,1431,0.7064904500716347,0.6567090596681396,0.0,4407,1.0992040054003234,False
929,3974,3252,0.7092944059095672,0.3775976061118951,0.0,4467,1.0118477759226359,False
930,3485,523,0.5318645166010185,0.4497019979229423,0.0,4384,1.0050894322104762,False
931,1345,4421,0.7681753016069246,0.5950093364596376,0.0,4407,1.070555892328734,False
932,162,2260,0.6955925141567176,0.41377600189965974,0.0,4436,1.0482358473275186,False
933,4340,165,0.7506528622376232,0.5123786987585388,0.0,4384,1.0927241978233229,False
934,4336,3393,0.6241690231423593,0.5862253033781375,0.0,4408,1.0699968140115674,False
935,207,4348,0.6761461648049387,0.48250347817024014,0.0,4434,1.0006054191972993,False
936,2643,4247,0.5934942199322215,0.47151482871003336,0.0,4367,1.005239211407522,False
937,4080,4084,0.47092850421037635,0.43016048461443845,0.0,4521,1.0023090314009884,False
938,4740,3343,0.6797996907292383,0.36846457022497914,0.0,4384,1.0133610100408368,False
939,1931,3913,0.6294364197031888,0.32741413444067813,0.0,4462,1.0033621357225033,False
940,1337,3265,0.6174228853063823,0.36287251391377406,0.0,4436,1.1211357466919187,False
941,3658,2199,0.7665419379388148,0.4459783017003983,0.0,4407,1.0243067230257175,False
942,4896,866,0.569293365788857,0.35459765400535354,0.0,4436,1.027338473267473,False
943,1366,422,0.6588025717721848,0.3556669236207741,0.0,4436,1.0194682112020441,False
944,1183,4550,0.609449278107216,0.5653988257837095,0.0,4406,1.0232985770371121,False
945,1447,4733,0.6890178103756766,0.583996709830724,0.0,4437,1.0397647802657792,False
946,1646,4984,0.5535085764978822,0.4412139508491623,0.0,4368,1.0112282719472534,False
947,3877,1034,0.5609311139369915,0.450375861118785,0.0,4384,1.0056555674419752,False
948,3237,2297,0.5268713233978062,0.40193231582656436,0.0,4407,1.0264457261210678,False
949,2724,4215,0.7371380504367648,0.4184882667372622,0.0,4438,1.0130202579424188,False
950,1427,2663,0.7261470125421194,0.329424111032996,0.0,4506,1.0082095566632485,False
951,2305,2139,0.5566753865837057,0.3818422685577232,0.0,4467,1.06263008932087,False
952,612,4086,0.7764941521161477,0.5450473786463473,0.0,4407,1.0602599209709183,False
953,4834,2249,0.7344431838214973,0.4777567574044338,0.0,4407,1.0400851620345253,False
954,2008,1836,0.5918762788787317,0.4154707466882323,0.0,4384,1.0111018754665742,False
955,259,940,0.6220413390075974,0.4451859914322641,0.0,4408,1.0131193581456557,False
956,3168,4239,0.4277800229893236,0.18902637095819858,0.0,4408,1.0011708948897622,False
957,309,2635,0.5493261249756998,0.4587410741002618,0.0,4616,1.0012194415407114,False
958,2132,2651,0.7239282133834717,0.25648228684413626,0.0,4436,1.0214047578068868,False
959,1719,2062,0.7606320458727804,0.5067883896294731,0.0,4407,1.0762470448891521,False
960,4143,4656,0.6974856036742239,0.6099643404149799,0.0,4408,1.0544436925111118,False
961,2884,1795,0.7626342507180732,0.49214923587901593,0.0,4384,1.0233187070092822,False
962,599,4755,0.7816666321714205,0.4643786138645658,0.0,4467,1.110904264494377,False
963,3763,2043,0.6555558111473214,0.6041876706619119,0.0,4408,1.0804328911592083,False
964,66,1803,0.7555750465732896,0.4927660454219216,0.0,4436,1.0127306788841146,False
965,3406,2005,0.7570800971249714,0.41258351289418815,0.0,4407,1.005095435132791,False
966,4881,2076,0.7619201274819476,0.6031896044368253,0.0,4407,1.0156595428560675,False
967,107,3299,0.6744195480491193,0.32186730722159956,0.0,4467,1.0511683078874783,False
968,1174,2132,0.7088035520877982,0.6503666172224986,0.0,4408,1.0353060258741904,False
969,4181,143,0.5637173151013446,0.24363043279700525,0.0,4750,1.0006492528025008,False
970,3041,3634,0.5563230184951227,0.46726204752239103,0.0,4436,1.1613732723250263,False
971,1223,3006,0.6387596232978208,0.46467059402298927,0.0,4436,1.0484800833761534,False
972,2289,3466,0.5120416008368114,0.3973250465580075,0.0,4415,1.0014103028921026,False
973,2004,3340,0.7367065112704232,0.5539239032555007,0.0,4407,1.0618618004611282,False
974,1891,4581,0.7728761754476308,0.7362434592732822,0.0,4385,1.0185847287938148,False
975,4688,3613,0.5845481269355375,0.40216892095403,0.0,4463,1.0026553221530567,False
976,2445,2201,0.620453591422315,0.4075899772860356,0.0,435,1.0002414533307085,False
977,179,4957,0.5310011126143737,0.33638001664654826,0.0,4384,1.0150333061676242,False
978,4080,4097,0.6278749643572459,0.2697939983413449,0.0,4506,1.036139946928833,False
979,3839,4341,0.5667728258083917,0.40568910237051814,0.0,4560,1.0027013507714675,False
980,3931,138,0.7800750209499396,0.5562021458987657,0.0,4384,1.0505343420144013,False
981,666,4181,0.6959210508758282,0.24632448026593315,0.0,4385,1.0157327460595498,False
982,1786,4541,0.7321531518643445,0.7037198219416292,0.0,4407,1.045928785034014,False
983,802,2086,0.6836230714474105,0.36964028075839,0.0,4467,1.0384299997250144,False
984,586,2866,0.6992217186865899,0.41250312162707564,0.0,4409,1.0698930295896052,False
985,2392,557,0.6227678658960087,0.48639569455710413,0.0,4408,1.0014321427445787,False
986,3685,247,0.6362087442988837,0.5478855674149263,0.0,4408,1.054391678633768,False
987,4439,824,0.7107679933235289,0.48996799813710173,0.0,4436,1.1429847089280283,False
988,103,3213,0.6148273544679288,0.4036229090319762,0.0,4467,1.0620489379453029,False
989,953,4971,0.5565369007481626,0.4720281954638875,0.0,4408,1.004000974075777,False
990,1431,3093,0.7396144496826125,0.5520246841807667,0.0,4384,1.0573255221959372,False
991,3293,1616,0.6523117860699115,0.4523583212531074,0.0,4385,1.003217002797739,False
992,1593,3574,0.45320028915289257,0.31064475763277033,0.0,4115,1.0002317314514366,False
993,2121,4381,0.7147165783549472,0.43376160771548267,0.0,4384,1.0062839840284312,False
994,3143,2316,0.7017946371457624,0.45361375649428537,0.0,4438,1.087468942425616,False
995,3261,3384,0.7384647530221846,0.5972419437348806,0.0,4384,1.0570752291221774,False
996,4118,4089,0.6945746191715418,0.45057891154291985,0.0,4464,1.0011614235105015,False
997,2968,1471,0.6858355909424887,0.6014531475412799,0.0,4388,1.0026051185979061,False
998,1513,2491,0.6956667151844318,0.6731073068026572,0.0,4406,1.0535631596368573,False
999,4938,1971,0.41220534228664896,0.26718083644428287,0.0,4390,1.002856597435975,False
